Experience,Domain,Project_count,Education,Project_score,Cert_score,Skill_score,Final_score
10.0,Machine Learning,8.0,3,4.96158,0,5.385164807134504,46.59039688844555
10.0,Data Science,1.0,4,2.86158,0,6.0,43.922035844981444
1.0,Cybersecurity,7.0,4,4.66158,0,4.58257569495584,35.92012476575692
7.0,Machine Learning,0.0,3,2.56158,0,5.385164807134504,36.04914150782193
4.0,Software Engineering,9.0,5,5.26158,0,4.898979485566356,43.834734284679
10.0,Cybersecurity,5.0,3,4.06158,0,4.58257569495584,41.42481092060101
4.0,Cybersecurity,9.0,4,5.26158,0,3.741657386773941,38.39903701173499
3.0,Machine Learning,7.0,4,4.66158,0,5.385164807134504,40.382739965867586
7.0,Cybersecurity,3.0,4,3.46158,0,2.8284271247461903,33.2420241815149
0.0,Machine Learning,1.0,4,2.86158,0,6.164414002968976,34.01012532519074
1.0,Software Engineering,7.0,5,4.66158,0,5.0,39.15931612656926
0.0,Cybersecurity,5.0,4,4.06158,0,3.741657386773941,30.52840932142318
0.0,Cybersecurity,9.0,4,5.26158,0,2.449489742783178,30.403028993502335
4.0,Software Engineering,10.0,3,5.56158,0,5.0,41.06228689430312
0.0,Machine Learning,5.0,4,4.06158,4,4.358898943540674,33.36079041528109
1.0,Cybersecurity,6.0,5,4.36158,0,2.449489742783178,30.660058225768477
10.0,Data Science,2.0,5,3.16158,0,4.0,40.9123702597996
3.0,Cybersecurity,6.0,3,4.36158,0,4.58257569495584,35.07246784317897
3.0,Data Science,10.0,4,5.56158,0,5.0990195135927845,42.316242287684055
10.0,Data Science,9.0,3,5.26158,0,5.0990195135927845,46.668585365106104
5.0,Software Engineering,4.0,3,3.76158,0,5.744562646538029,38.74669963869913
6.0,Machine Learning,10.0,3,5.56158,0,6.164414002968976,46.59903762839232
4.0,Data Science,8.0,4,4.96158,0,5.291502622129181,42.07234558886651
8.0,Machine Learning,0.0,4,2.56158,4,6.164414002968976,42.40246840261279
0.0,Machine Learning,10.0,3,5.56158,4,6.164414002968976,41.35903762839232
7.0,Machine Learning,10.0,3,5.56158,4,4.242640687119285,42.93394364688904
3.0,Cybersecurity,2.0,3,3.16158,0,3.741657386773941,28.86543855368932
1.0,Machine Learning,5.0,4,4.06158,0,4.358898943540674,33.40079041528109
10.0,Machine Learning,2.0,3,3.16158,0,5.291502622129181,40.74640405339879
10.0,Data Science,4.0,3,3.76158,0,4.0,38.76768410495551
4.0,Data Science,10.0,5,5.56158,0,4.0,42.09362564042323
1.0,Cybersecurity,10.0,3,5.56158,0,3.872983346207417,34.59655622171171
8.0,Data Science,4.0,4,3.76158,0,6.0,44.6250066127153
9.0,Machine Learning,4.0,3,3.76158,4,5.385164807134504,42.83976919813373
0.0,Cybersecurity,10.0,4,5.56158,0,3.872983346207417,35.55655622171171
7.0,Machine Learning,6.0,5,4.36158,0,4.358898943540674,42.56844733785904
7.0,Machine Learning,3.0,4,3.46158,0,4.242640687119285,37.440345188843374
5.0,Software Engineering,7.0,3,4.66158,0,5.0,39.319316126569255
7.0,Cybersecurity,0.0,5,2.56158,0,3.605551275463989,34.766071769471296
1.0,Data Science,8.0,4,4.96158,0,4.0,35.11831179526732
10.0,Software Engineering,9.0,4,5.26158,0,4.123105625617661,45.77142761875107
1.0,Cybersecurity,10.0,4,5.56158,0,2.6457513110645907,32.95332002946302
3.0,Machine Learning,10.0,4,5.56158,0,5.291502622129181,42.88765943402242
1.0,Data Science,8.0,4,4.96158,0,4.242640687119285,35.838629801733134
4.0,Data Science,6.0,4,4.36158,0,5.0990195135927845,39.645614597372244
5.0,Software Engineering,4.0,3,3.76158,0,4.0,33.567684104955504
4.0,Software Engineering,9.0,4,5.26158,0,5.744562646538029,44.3449842515889
8.0,Data Science,9.0,5,5.26158,0,4.242640687119285,46.04628672431109
1.0,Software Engineering,9.0,4,5.26158,0,4.898979485566356,38.714734284679
5.0,Machine Learning,1.0,3,2.86158,4,4.358898943540674,32.85016272496927
5.0,Machine Learning,9.0,5,5.26158,0,6.164414002968976,48.631380705814365
9.0,Cybersecurity,3.0,4,3.46158,0,4.58257569495584,40.529497075445114
1.0,Data Science,4.0,4,3.76158,0,5.291502622129181,35.2417178985547
9.0,Data Science,2.0,3,3.16158,0,5.0990195135927845,39.13498690706044
0.0,Data Science,7.0,3,4.66158,0,5.0990195135927845,34.41327151995019
1.0,Cybersecurity,4.0,3,3.76158,0,3.741657386773941,28.640752398845226
3.0,Software Engineering,3.0,3,3.46158,0,5.744562646538029,35.739042716121176
1.0,Cybersecurity,3.0,3,3.46158,0,4.58257569495584,30.20949707544511
2.0,Machine Learning,1.0,3,2.86158,0,4.47213595499958,29.06632505339249
6.0,Software Engineering,4.0,5,3.76158,0,4.123105625617661,38.9731430058613
0.0,Machine Learning,10.0,3,5.56158,4,4.358898943540674,35.99907502817086
8.0,Data Science,9.0,3,5.26158,0,6.0,47.26329122560507
9.0,Data Science,3.0,4,3.46158,0,5.291502622129181,42.634060975976745
9.0,Software Engineering,8.0,4,4.96158,0,5.744562646538029,48.61732732901094
10.0,Data Science,2.0,4,3.16158,0,6.0,44.849692767559404
1.0,Software Engineering,3.0,5,3.46158,0,5.0990195135927845,35.74264382963839
8.0,Software Engineering,1.0,3,2.86158,0,5.744562646538029,39.08372887096527
9.0,Machine Learning,4.0,4,3.76158,0,6.164414002968976,46.1530960929246
9.0,Cybersecurity,3.0,4,3.46158,0,4.58257569495584,40.529497075445114
1.0,Data Science,1.0,3,2.86158,0,6.0,32.562035844981445
8.0,Machine Learning,0.0,5,2.56158,4,5.385164807134504,42.08914150782192
0.0,Cybersecurity,7.0,4,4.66158,0,3.872983346207417,32.773585453977844
0.0,Data Science,6.0,4,4.36158,0,6.0,38.16032045787121
5.0,Software Engineering,6.0,4,4.36158,0,4.0,37.42299795011141
9.0,Machine Learning,4.0,3,3.76158,4,4.358898943540674,39.793133492703134
4.0,Software Engineering,8.0,3,4.96158,0,5.744562646538029,41.41732732901094
0.0,Data Science,0.0,4,2.56158,0,4.242640687119285,27.377374421109515
7.0,Cybersecurity,1.0,5,2.86158,0,4.58257569495584,38.59418323028921
1.0,Machine Learning,6.0,4,4.36158,0,4.358898943540674,34.32844733785903
6.0,Data Science,4.0,3,3.76158,0,6.0,40.545006612715305
7.0,Machine Learning,4.0,4,3.76158,0,5.385164807134504,41.75976919813373
1.0,Software Engineering,10.0,5,5.56158,0,4.123105625617661,39.33908454132902
9.0,Software Engineering,4.0,4,3.76158,0,4.242640687119285,40.44800211142132
10.0,Machine Learning,2.0,3,3.16158,0,5.291502622129181,40.74640405339879
0.0,Software Engineering,2.0,3,3.16158,0,5.0,29.4810315136795
8.0,Software Engineering,2.0,4,3.16158,0,5.0990195135927845,40.09498690706043
6.0,Data Science,10.0,4,5.56158,0,6.0,48.11094814818303
7.0,Machine Learning,7.0,3,4.66158,0,4.358898943540674,39.49610426043699
5.0,Software Engineering,10.0,5,5.56158,0,4.898979485566356,45.80239120725695
10.0,Cybersecurity,8.0,4,4.96158,0,4.58257569495584,46.207781688334876
4.0,Machine Learning,7.0,4,4.66158,0,4.358898943540674,38.37610426043699
4.0,Machine Learning,6.0,4,4.36158,0,5.385164807134504,40.49508304328963
5.0,Machine Learning,0.0,3,2.56158,0,5.385164807134504,33.969141507821924
0.0,Machine Learning,10.0,3,5.56158,4,4.358898943540674,35.99907502817086
9.0,Software Engineering,8.0,3,4.96158,0,5.0,44.40697304914722
1.0,Machine Learning,4.0,3,3.76158,0,6.164414002968976,35.8330960929246
4.0,Machine Learning,2.0,5,3.16158,4,6.164414002968976,42.09778224776869
6.0,Machine Learning,9.0,3,5.26158,0,6.164414002968976,45.671380705814364
6.0,Data Science,8.0,5,4.96158,0,4.242640687119285,43.03862980173314
6.0,Software Engineering,3.0,3,3.46158,0,4.898979485566356,36.34879274921128
1.0,Cybersecurity,3.0,4,3.46158,0,3.605551275463989,29.309042537205155
8.0,Cybersecurity,3.0,3,3.46158,0,3.741657386773941,34.99309547626728
2.0,Cybersecurity,3.0,4,3.46158,0,2.8284271247461903,28.042024181514904
8.0,Cybersecurity,7.0,5,4.66158,0,3.872983346207417,43.093585453977845
5.0,Software Engineering,1.0,3,2.86158,0,4.0,30.78471333722165
7.0,Data Science,6.0,3,4.36158,0,5.291502622129181,41.337031743710604
9.0,Machine Learning,0.0,3,2.56158,0,5.291502622129181,37.851090208242894
2.0,Data Science,2.0,3,3.16158,0,5.291502622129181,32.4264040533988
4.0,Data Science,6.0,3,4.36158,0,5.0990195135927845,37.645614597372244
7.0,Cybersecurity,3.0,4,3.46158,0,4.58257569495584,38.449497075445116
9.0,Software Engineering,0.0,3,2.56158,0,4.123105625617661,34.3825153155495
5.0,Data Science,4.0,3,3.76158,0,5.291502622129181,37.4017178985547
3.0,Data Science,1.0,4,2.86158,0,6.0,36.64203584498145
0.0,Machine Learning,3.0,3,3.46158,4,4.47213595499958,29.841638898548393
2.0,Software Engineering,2.0,4,3.16158,0,4.242640687119285,31.31268826626542
9.0,Machine Learning,9.0,5,5.26158,0,5.385164807134504,50.4780538110235
10.0,Cybersecurity,10.0,3,5.56158,0,4.58257569495584,46.06309553349078
5.0,Software Engineering,10.0,5,5.56158,0,5.0990195135927845,46.39624228768405
4.0,Software Engineering,9.0,4,5.26158,0,4.898979485566356,41.834734284679
5.0,Software Engineering,8.0,4,4.96158,0,5.744562646538029,44.45732732901094
6.0,Software Engineering,0.0,3,2.56158,0,4.123105625617661,31.262515315549493
4.0,Machine Learning,2.0,3,3.16158,0,6.164414002968976,37.09778224776869
7.0,Cybersecurity,3.0,5,3.46158,0,4.58257569495584,40.449497075445116
1.0,Software Engineering,9.0,5,5.26158,0,4.0,38.04596871784527
6.0,Software Engineering,10.0,4,5.56158,0,5.0990195135927845,45.43624228768406
9.0,Data Science,2.0,3,3.16158,0,4.0,35.8723702597996
5.0,Data Science,5.0,4,4.06158,0,6.0,42.43266353529326
3.0,Machine Learning,0.0,4,2.56158,4,4.358898943540674,31.842505802391326
8.0,Cybersecurity,5.0,3,4.06158,0,4.58257569495584,39.34481092060101
3.0,Machine Learning,0.0,3,2.56158,4,5.291502622129181,32.611090208242885
1.0,Machine Learning,4.0,3,3.76158,0,6.164414002968976,35.8330960929246
0.0,Software Engineering,3.0,3,3.46158,0,5.0,30.408688436257453
8.0,Cybersecurity,4.0,3,3.76158,0,4.58257569495584,38.41715399802306
1.0,Software Engineering,0.0,5,2.56158,0,5.744562646538029,34.87607194838732
6.0,Machine Learning,3.0,3,3.46158,4,6.164414002968976,41.10543917034665
7.0,Cybersecurity,0.0,3,2.56158,0,2.449489742783178,27.334116690300764
4.0,Cybersecurity,5.0,4,4.06158,0,4.58257569495584,37.18481092060102
10.0,Data Science,3.0,4,3.46158,0,5.0990195135927845,43.10264382963839
4.0,Data Science,7.0,4,4.66158,0,6.0,43.247977380449164
3.0,Cybersecurity,1.0,4,2.86158,0,4.58257569495584,32.43418323028921
3.0,Data Science,2.0,3,3.16158,0,5.0990195135927845,32.894986907060435
9.0,Cybersecurity,2.0,3,3.16158,0,4.58257569495584,37.601840152867155
5.0,Data Science,3.0,3,3.46158,0,6.0,38.57734969013735
10.0,Cybersecurity,0.0,4,2.56158,0,4.58257569495584,38.786526307711256
5.0,Machine Learning,5.0,3,4.06158,0,5.385164807134504,38.607426120711686
10.0,Machine Learning,8.0,4,4.96158,0,5.385164807134504,48.59039688844555
10.0,Data Science,1.0,5,2.86158,0,6.0,45.922035844981444
8.0,Data Science,4.0,5,3.76158,0,4.242640687119285,41.40800211142132
6.0,Machine Learning,0.0,3,2.56158,4,5.385164807134504,36.00914150782192
9.0,Data Science,2.0,3,3.16158,0,4.242640687119285,36.59268826626541
3.0,Cybersecurity,7.0,3,4.66158,0,3.872983346207417,33.89358545397784
6.0,Software Engineering,10.0,5,5.56158,0,4.898979485566356,46.84239120725695
7.0,Data Science,2.0,5,3.16158,0,6.0,43.7296927675594
7.0,Data Science,0.0,3,2.56158,0,6.0,37.874378922403494
5.0,Cybersecurity,8.0,4,4.96158,0,4.58257569495584,41.00778168833487
6.0,Cybersecurity,2.0,4,3.16158,0,4.58257569495584,36.481840152867164
6.0,Cybersecurity,5.0,3,4.06158,0,4.58257569495584,37.264810920601015
2.0,Machine Learning,1.0,5,2.86158,0,5.385164807134504,35.77679843039987
6.0,Cybersecurity,9.0,3,5.26158,0,3.872983346207417,38.86889929913376
2.0,Cybersecurity,1.0,4,2.86158,0,3.605551275463989,28.493728692049253
3.0,Data Science,9.0,5,5.26158,0,4.242640687119285,40.846286724311085
5.0,Data Science,8.0,4,4.96158,0,4.242640687119285,39.99862980173314
5.0,Cybersecurity,10.0,4,5.56158,0,3.605551275463989,39.96264099525083
1.0,Machine Learning,2.0,4,3.16158,0,5.291502622129181,33.38640405339879
7.0,Cybersecurity,10.0,4,5.56158,0,4.58257569495584,44.943095533490784
2.0,Data Science,3.0,5,3.46158,0,4.242640687119285,34.24034518884337
3.0,Machine Learning,6.0,4,4.36158,0,5.291502622129181,39.1770317437106
2.0,Cybersecurity,7.0,3,4.66158,0,3.741657386773941,32.46372316657908
9.0,Software Engineering,2.0,3,3.16158,0,5.744562646538029,41.05138579354322
7.0,Data Science,0.0,4,2.56158,0,4.242640687119285,34.65737442110951
8.0,Cybersecurity,1.0,4,2.86158,0,3.741657386773941,35.13778163111137
3.0,Data Science,6.0,3,4.36158,0,5.0990195135927845,36.60561459737224
3.0,Software Engineering,5.0,3,4.06158,0,4.898979485566356,35.084106594367185
9.0,Data Science,8.0,5,4.96158,0,4.0,45.43831179526732
6.0,Data Science,4.0,4,3.76158,0,6.0,42.545006612715305
9.0,Data Science,2.0,3,3.16158,0,6.0,41.8096927675594
1.0,Software Engineering,3.0,4,3.46158,0,4.123105625617661,30.84548608328335
8.0,Data Science,5.0,3,4.06158,0,6.0,43.552663535293256
3.0,Machine Learning,7.0,4,4.66158,0,4.47213595499958,37.672266588860204
8.0,Cybersecurity,4.0,4,3.76158,0,3.741657386773941,37.920752398845224
6.0,Software Engineering,7.0,5,4.66158,0,4.123105625617661,41.75611377359515
1.0,Data Science,7.0,5,4.66158,0,6.0,42.12797738044916
0.0,Machine Learning,7.0,3,4.66158,0,4.358898943540674,32.21610426043699
5.0,Data Science,3.0,5,3.46158,0,5.0990195135927845,39.902643829638386
7.0,Software Engineering,3.0,4,3.46158,0,5.744562646538029,41.89904271612118
5.0,Software Engineering,7.0,4,4.66158,0,5.744562646538029,43.52967040643298
0.0,Machine Learning,7.0,3,4.66158,4,4.358898943540674,33.216104260436985
0.0,Machine Learning,3.0,4,3.46158,4,5.291502622129181,34.274060975976745
3.0,Data Science,5.0,4,4.06158,0,6.0,40.35266353529326
1.0,Software Engineering,5.0,5,4.06158,0,5.744562646538029,39.514356561277076
8.0,Cybersecurity,8.0,3,4.96158,0,4.58257569495584,42.12778168833488
1.0,Cybersecurity,3.0,5,3.46158,0,3.872983346207417,32.10295776366604
3.0,Machine Learning,10.0,4,5.56158,4,5.291502622129181,43.88765943402242
10.0,Data Science,6.0,5,4.36158,0,5.0990195135927845,47.88561459737224
9.0,Machine Learning,5.0,3,4.06158,0,6.164414002968976,45.08075301550255
7.0,Machine Learning,6.0,3,4.36158,0,4.358898943540674,38.56844733785904
8.0,Data Science,10.0,5,5.56158,0,4.242640687119285,46.97394364688904
1.0,Software Engineering,7.0,5,4.66158,0,5.0,39.15931612656926
3.0,Cybersecurity,0.0,4,2.56158,0,4.58257569495584,31.506526307711255
1.0,Machine Learning,4.0,3,3.76158,4,4.358898943540674,31.473133492703138
8.0,Cybersecurity,8.0,4,4.96158,0,4.58257569495584,44.12778168833488
6.0,Machine Learning,1.0,5,2.86158,0,4.358898943540674,36.89016272496928
8.0,Cybersecurity,0.0,3,2.56158,0,3.741657386773941,32.210124708533414
1.0,Machine Learning,7.0,5,4.66158,4,5.291502622129181,41.024688666288554
9.0,Software Engineering,3.0,4,3.46158,0,4.242640687119285,39.52034518884337
10.0,Machine Learning,4.0,3,3.76158,0,6.164414002968976,45.1930960929246
7.0,Cybersecurity,10.0,4,5.56158,0,4.58257569495584,44.943095533490784
2.0,Software Engineering,5.0,3,4.06158,0,4.123105625617661,31.740799928439255
1.0,Cybersecurity,6.0,4,4.36158,0,4.58257569495584,34.992467843178964
2.0,Machine Learning,4.0,4,3.76158,0,5.291502622129181,36.281717898554696
3.0,Data Science,4.0,3,3.76158,0,5.291502622129181,35.321717898554695
7.0,Cybersecurity,3.0,3,3.46158,0,3.872983346207417,34.34295776366604
2.0,Software Engineering,1.0,4,2.86158,0,4.0,29.66471333722165
1.0,Software Engineering,7.0,3,4.66158,0,4.0,32.190654872689365
3.0,Machine Learning,3.0,3,3.46158,0,5.291502622129181,34.39406097597675
8.0,Cybersecurity,3.0,4,3.46158,0,4.58257569495584,39.48949707544511
7.0,Data Science,10.0,3,5.56158,0,6.0,47.150948148183026
8.0,Machine Learning,8.0,4,4.96158,0,6.164414002968976,48.82372378323641
1.0,Cybersecurity,10.0,3,5.56158,0,4.58257569495584,36.70309553349078
10.0,Machine Learning,2.0,5,3.16158,0,6.164414002968976,47.3377822477687
9.0,Cybersecurity,0.0,5,2.56158,0,3.605551275463989,36.846071769471294
1.0,Machine Learning,1.0,4,2.86158,0,4.242640687119285,29.345031343687467
6.0,Machine Learning,4.0,3,3.76158,0,6.164414002968976,41.033096092924595
8.0,Software Engineering,4.0,4,3.76158,0,4.0,38.68768410495551
4.0,Cybersecurity,1.0,5,2.86158,0,4.58257569495584,35.474183230289206
1.0,Cybersecurity,6.0,3,4.36158,0,2.449489742783178,26.660058225768477
2.0,Data Science,4.0,3,3.76158,0,5.291502622129181,34.281717898554696
7.0,Cybersecurity,6.0,3,4.36158,0,3.872983346207417,37.12592853139989
3.0,Machine Learning,8.0,5,4.96158,4,4.358898943540674,41.26376118301495
2.0,Cybersecurity,10.0,4,5.56158,0,3.741657386773941,37.246693934312944
1.0,Machine Learning,1.0,4,2.86158,0,5.291502622129181,32.458747130820846
0.0,Software Engineering,8.0,4,4.96158,0,5.744562646538029,39.25732732901094
3.0,Data Science,4.0,4,3.76158,0,4.242640687119285,34.20800211142132
9.0,Software Engineering,5.0,4,4.06158,0,5.744562646538029,45.834356561277076
0.0,Cybersecurity,7.0,4,4.66158,0,3.605551275463989,31.979670227516966
7.0,Software Engineering,0.0,3,2.56158,0,3.872983346207417,31.55998699593218
1.0,Cybersecurity,8.0,3,4.96158,0,4.58257569495584,34.84778168833488
5.0,Data Science,3.0,3,3.46158,0,4.242640687119285,33.360345188843375
8.0,Machine Learning,5.0,5,4.06158,0,6.164414002968976,48.04075301550255
1.0,Data Science,4.0,4,3.76158,0,4.242640687119285,32.128002111421324
10.0,Cybersecurity,0.0,4,2.56158,0,3.872983346207417,36.67998699593218
5.0,Data Science,7.0,3,4.66158,0,6.0,42.287977380449156
8.0,Software Engineering,4.0,3,3.76158,0,4.898979485566356,39.35644967178923
0.0,Cybersecurity,6.0,3,4.36158,0,2.6457513110645907,26.202692339151213
2.0,Machine Learning,8.0,3,4.96158,4,4.358898943540674,36.22376118301495
2.0,Data Science,8.0,3,4.96158,0,5.0990195135927845,37.42092844252815
7.0,Cybersecurity,4.0,4,3.76158,0,4.58257569495584,39.37715399802306
5.0,Data Science,4.0,3,3.76158,0,5.291502622129181,37.4017178985547
4.0,Software Engineering,5.0,4,4.06158,0,5.744562646538029,40.63435656127708
2.0,Software Engineering,8.0,4,4.96158,0,4.123105625617661,36.523770696173116
9.0,Machine Learning,10.0,3,5.56158,0,6.164414002968976,49.71903762839232
7.0,Machine Learning,9.0,4,5.26158,0,6.164414002968976,48.71138070581436
8.0,Machine Learning,1.0,5,2.86158,0,5.385164807134504,42.01679843039988
2.0,Data Science,2.0,3,3.16158,0,4.242640687119285,29.31268826626542
7.0,Software Engineering,5.0,4,4.06158,0,5.744562646538029,43.75435656127708
6.0,Machine Learning,4.0,3,3.76158,4,5.385164807134504,39.71976919813373
9.0,Software Engineering,1.0,4,2.86158,0,5.0990195135927845,40.20732998448248
8.0,Cybersecurity,10.0,3,5.56158,0,3.605551275463989,41.08264099525083
0.0,Data Science,2.0,3,3.16158,0,5.291502622129181,30.346404053398793
8.0,Machine Learning,6.0,3,4.36158,0,5.385164807134504,42.655083043289636
7.0,Machine Learning,2.0,3,3.16158,0,4.358898943540674,34.85781964754723
1.0,Cybersecurity,10.0,5,5.56158,0,3.872983346207417,38.59655622171171
10.0,Machine Learning,2.0,3,3.16158,0,4.358898943540674,37.977819647547236
0.0,Machine Learning,1.0,4,2.86158,0,4.358898943540674,28.650162724969277
1.0,Machine Learning,0.0,4,2.56158,0,5.291502622129181,31.53109020824289
7.0,Machine Learning,1.0,4,2.86158,0,4.358898943540674,35.93016272496928
0.0,Cybersecurity,5.0,4,4.06158,0,2.8284271247461903,27.817338026670807
10.0,Software Engineering,5.0,3,4.06158,0,3.872983346207417,39.31827160882194
8.0,Data Science,8.0,4,4.96158,0,6.0,48.33563430302712
9.0,Cybersecurity,4.0,5,3.76158,0,4.58257569495584,43.45715399802306
0.0,Data Science,7.0,5,4.66158,0,5.0990195135927845,38.41327151995019
0.0,Cybersecurity,8.0,3,4.96158,0,3.741657386773941,31.311380089157034
2.0,Cybersecurity,1.0,5,2.86158,0,3.605551275463989,30.493728692049253
8.0,Machine Learning,3.0,4,3.46158,0,5.291502622129181,41.59406097597675
3.0,Cybersecurity,7.0,4,4.66158,0,2.6457513110645907,32.25034926172916
7.0,Machine Learning,0.0,5,2.56158,4,4.358898943540674,38.002505802391326
3.0,Data Science,1.0,4,2.86158,0,5.291502622129181,34.538747130820845
4.0,Software Engineering,7.0,3,4.66158,0,5.744562646538029,40.489670406432985
6.0,Cybersecurity,8.0,4,4.96158,0,3.741657386773941,39.551380089157036
0.0,Data Science,1.0,5,2.86158,0,4.47213595499958,30.986325053392488
10.0,Software Engineering,5.0,4,4.06158,0,4.898979485566356,44.36410659436718
9.0,Machine Learning,1.0,4,2.86158,0,6.164414002968976,43.37012532519074
0.0,Machine Learning,9.0,4,5.26158,4,6.164414002968976,42.43138070581436
3.0,Machine Learning,3.0,3,3.46158,0,4.358898943540674,31.625476570125183
7.0,Data Science,2.0,3,3.16158,0,4.242640687119285,34.512688266265414
2.0,Cybersecurity,5.0,5,4.06158,0,3.741657386773941,34.608409321423174
2.0,Software Engineering,1.0,4,2.86158,0,5.744562646538029,34.84372887096527
10.0,Data Science,8.0,3,4.96158,0,5.0990195135927845,45.74092844252815
2.0,Data Science,7.0,4,4.66158,0,6.0,41.16797738044916
6.0,Cybersecurity,4.0,4,3.76158,0,2.8284271247461903,33.12968110409285
2.0,Machine Learning,9.0,5,5.26158,4,4.358898943540674,41.1514181055929
2.0,Cybersecurity,3.0,3,3.46158,0,3.605551275463989,28.349042537205158
6.0,Data Science,5.0,3,4.06158,0,5.0990195135927845,38.79795767479429
4.0,Software Engineering,8.0,3,4.96158,0,5.744562646538029,41.41732732901094
9.0,Machine Learning,3.0,4,3.46158,4,6.164414002968976,46.22543917034665
2.0,Data Science,6.0,3,4.36158,0,6.0,38.240320457871206
2.0,Cybersecurity,2.0,3,3.16158,0,4.58257569495584,30.32184015286716
8.0,Cybersecurity,4.0,4,3.76158,0,4.58257569495584,40.41715399802306
6.0,Data Science,6.0,3,4.36158,0,4.242640687119285,37.183315956577225
1.0,Machine Learning,10.0,4,5.56158,0,5.385164807134504,41.08571073360145
10.0,Cybersecurity,9.0,4,5.26158,0,3.872983346207417,45.028899299133755
5.0,Software Engineering,10.0,5,5.56158,0,5.744562646538029,48.31264117416685
2.0,Machine Learning,10.0,5,5.56158,4,6.164414002968976,47.43903762839232
8.0,Machine Learning,10.0,3,5.56158,0,4.242640687119285,42.97394364688904
6.0,Data Science,9.0,3,5.26158,0,5.0990195135927845,42.50858536510611
1.0,Software Engineering,10.0,4,5.56158,0,4.898979485566356,39.64239120725695
4.0,Data Science,8.0,3,4.96158,0,5.0990195135927845,39.50092844252815
1.0,Data Science,7.0,4,4.66158,0,4.0,34.19065487268936
6.0,Data Science,0.0,3,2.56158,0,4.242640687119285,31.617374421109513
3.0,Software Engineering,8.0,3,4.96158,0,4.0,35.19831179526732
0.0,Cybersecurity,7.0,3,4.66158,0,3.741657386773941,30.383723166579085
6.0,Data Science,8.0,3,4.96158,0,6.0,44.25563430302712
1.0,Data Science,1.0,5,2.86158,0,6.0,36.562035844981445
5.0,Software Engineering,5.0,4,4.06158,0,4.0,36.495341027533456
10.0,Cybersecurity,5.0,4,4.06158,0,4.58257569495584,43.42481092060101
1.0,Cybersecurity,10.0,4,5.56158,0,4.58257569495584,38.70309553349078
2.0,Cybersecurity,4.0,3,3.76158,0,4.58257569495584,32.177153998023066
2.0,Data Science,7.0,3,4.66158,0,5.291502622129181,37.06468866628855
9.0,Machine Learning,0.0,4,2.56158,0,5.291502622129181,39.851090208242894
0.0,Software Engineering,8.0,3,4.96158,0,5.744562646538029,37.25732732901094
5.0,Data Science,8.0,4,4.96158,0,4.242640687119285,39.99862980173314
5.0,Cybersecurity,3.0,4,3.46158,0,4.58257569495584,36.36949707544511
5.0,Data Science,10.0,3,5.56158,0,4.242640687119285,39.85394364688904
8.0,Cybersecurity,2.0,3,3.16158,0,3.872983346207417,34.45530084108809
3.0,Software Engineering,4.0,5,3.76158,0,5.0,38.45634535883541
3.0,Data Science,10.0,4,5.56158,0,4.242640687119285,39.773943646889045
9.0,Data Science,0.0,3,2.56158,0,5.291502622129181,37.851090208242894
4.0,Cybersecurity,9.0,4,5.26158,0,4.58257569495584,40.895438610912834
7.0,Software Engineering,0.0,3,2.56158,0,4.898979485566356,34.60582198147742
0.0,Cybersecurity,5.0,5,4.06158,0,4.58257569495584,35.02481092060101
7.0,Software Engineering,5.0,4,4.06158,0,4.0,38.57534102753346
1.0,Data Science,9.0,3,5.26158,0,6.0,39.98329122560507
5.0,Machine Learning,4.0,5,3.76158,0,4.47213595499958,38.969295821126344
2.0,Cybersecurity,1.0,3,2.86158,0,3.605551275463989,26.493728692049253
7.0,Cybersecurity,0.0,4,2.56158,0,3.872983346207417,33.55998699593218
10.0,Software Engineering,4.0,3,3.76158,0,5.744562646538029,43.94669963869912
2.0,Machine Learning,6.0,4,4.36158,0,4.47213595499958,35.704609666282245
7.0,Software Engineering,8.0,4,4.96158,0,4.0,41.35831179526732
4.0,Cybersecurity,0.0,3,2.56158,0,4.58257569495584,30.546526307711254
0.0,Data Science,8.0,3,4.96158,0,4.242640687119285,32.798629801733135
0.0,Software Engineering,8.0,3,4.96158,0,4.242640687119285,32.798629801733135
8.0,Data Science,0.0,4,2.56158,0,6.0,40.9143789224035
7.0,Machine Learning,8.0,3,4.96158,0,5.291502622129181,43.192345588866516
3.0,Cybersecurity,9.0,4,5.26158,0,2.449489742783178,33.52302899350234
1.0,Data Science,10.0,4,5.56158,0,6.0,42.910948148183024
6.0,Cybersecurity,10.0,4,5.56158,0,4.58257569495584,43.903095533490784
0.0,Cybersecurity,7.0,4,4.66158,0,4.58257569495584,34.88012476575692
3.0,Software Engineering,9.0,3,5.26158,0,4.898979485566356,38.794734284678995
1.0,Data Science,3.0,4,3.46158,0,4.242640687119285,31.20034518884337
2.0,Cybersecurity,7.0,4,4.66158,0,3.872983346207417,34.85358545397784
1.0,Cybersecurity,6.0,4,4.36158,0,2.8284271247461903,29.78499494924876
0.0,Software Engineering,0.0,4,2.56158,0,5.744562646538029,31.836071948387318
9.0,Data Science,5.0,5,4.06158,0,6.0,48.592663535293255
0.0,Data Science,3.0,3,3.46158,0,5.291502622129181,31.274060975976745
8.0,Machine Learning,9.0,3,5.26158,4,4.47213595499958,43.72758043401611
7.0,Machine Learning,7.0,3,4.66158,0,6.164414002968976,44.85606686065845
0.0,Machine Learning,10.0,5,5.56158,4,4.242640687119285,39.65394364688904
4.0,Software Engineering,9.0,4,5.26158,0,5.744562646538029,44.3449842515889
6.0,Data Science,2.0,4,3.16158,0,5.291502622129181,38.586404053398795
0.0,Cybersecurity,4.0,3,3.76158,0,2.8284271247461903,24.889681104092855
2.0,Cybersecurity,4.0,4,3.76158,0,3.872983346207417,32.07061468624399
7.0,Cybersecurity,2.0,3,3.16158,0,4.58257569495584,35.521840152867156
3.0,Software Engineering,6.0,3,4.36158,0,4.0,33.34299795011141
1.0,Machine Learning,1.0,3,2.86158,0,6.164414002968976,33.05012532519074
4.0,Software Engineering,5.0,4,4.06158,0,4.898979485566356,38.124106594367184
5.0,Machine Learning,9.0,4,5.26158,4,4.47213595499958,42.607580434016114
2.0,Cybersecurity,2.0,3,3.16158,0,4.58257569495584,30.32184015286716
5.0,Machine Learning,8.0,3,4.96158,0,4.242640687119285,37.99862980173314
6.0,Data Science,7.0,4,4.66158,0,4.242640687119285,40.11097287915518
10.0,Cybersecurity,5.0,3,4.06158,0,3.872983346207417,39.31827160882194
7.0,Software Engineering,6.0,5,4.36158,0,5.0990195135927845,44.76561459737224
3.0,Software Engineering,0.0,3,2.56158,0,4.898979485566356,30.445821981477422
4.0,Machine Learning,9.0,5,5.26158,0,5.291502622129181,45.000002511444464
10.0,Software Engineering,0.0,4,2.56158,0,5.744562646538029,42.23607194838732
3.0,Cybersecurity,5.0,3,4.06158,0,4.58257569495584,34.14481092060102
1.0,Cybersecurity,2.0,4,3.16158,0,3.872983346207417,29.175300841088085
8.0,Software Engineering,7.0,3,4.66158,0,4.123105625617661,39.83611377359516
0.0,Data Science,10.0,3,5.56158,0,5.291502622129181,37.76765943402242
8.0,Data Science,10.0,3,5.56158,0,4.0,42.25362564042323
2.0,Data Science,10.0,3,5.56158,0,6.0,41.95094814818302
10.0,Machine Learning,1.0,4,2.86158,0,6.164414002968976,44.41012532519074
3.0,Machine Learning,6.0,4,4.36158,0,5.385164807134504,39.45508304328963
8.0,Machine Learning,2.0,3,3.16158,0,5.385164807134504,38.944455352977826
4.0,Machine Learning,4.0,3,3.76158,0,6.164414002968976,38.953096092924596
6.0,Software Engineering,7.0,3,4.66158,0,4.123105625617661,37.75611377359515
10.0,Cybersecurity,1.0,3,2.86158,0,3.872983346207417,35.60764391851013
1.0,Machine Learning,1.0,3,2.86158,0,5.385164807134504,30.736798430399876
10.0,Software Engineering,2.0,4,3.16158,0,5.0,41.8810315136795
10.0,Machine Learning,2.0,4,3.16158,0,5.291502622129181,42.74640405339879
1.0,Data Science,3.0,5,3.46158,0,6.0,38.41734969013735
8.0,Machine Learning,1.0,4,2.86158,0,4.358898943540674,36.97016272496928
9.0,Machine Learning,5.0,4,4.06158,0,4.242640687119285,41.37565903399927
9.0,Software Engineering,8.0,3,4.96158,0,5.0990195135927845,44.70092844252815
6.0,Data Science,1.0,5,2.86158,0,5.0990195135927845,39.08732998448249
8.0,Machine Learning,8.0,3,4.96158,0,6.164414002968976,46.82372378323641
3.0,Software Engineering,1.0,3,2.86158,0,4.0,28.70471333722165
3.0,Data Science,0.0,4,2.56158,0,6.0,35.7143789224035
1.0,Cybersecurity,9.0,5,5.26158,0,3.872983346207417,37.668899299133756
1.0,Data Science,4.0,4,3.76158,0,5.291502622129181,35.2417178985547
5.0,Machine Learning,6.0,3,4.36158,0,6.164414002968976,41.8484099380805
5.0,Cybersecurity,5.0,4,4.06158,0,4.58257569495584,38.224810920601016
6.0,Cybersecurity,7.0,3,4.66158,0,4.58257569495584,39.12012476575692
10.0,Cybersecurity,10.0,3,5.56158,0,4.58257569495584,46.06309553349078
0.0,Data Science,6.0,4,4.36158,0,5.291502622129181,36.0570317437106
3.0,Cybersecurity,9.0,4,5.26158,0,4.58257569495584,39.85543861091283
1.0,Software Engineering,9.0,3,5.26158,0,4.898979485566356,36.714734284679
8.0,Machine Learning,6.0,4,4.36158,4,5.385164807134504,45.655083043289636
4.0,Machine Learning,6.0,4,4.36158,0,5.291502622129181,40.2170317437106
3.0,Cybersecurity,6.0,4,4.36158,0,2.6457513110645907,31.322692339151214
0.0,Data Science,9.0,5,5.26158,0,4.0,37.00596871784528
5.0,Data Science,0.0,4,2.56158,0,4.242640687119285,32.57737442110951
4.0,Cybersecurity,0.0,5,2.56158,0,2.449489742783178,28.214116690300763
4.0,Software Engineering,0.0,4,2.56158,0,5.0990195135927845,34.07967306190453
1.0,Machine Learning,9.0,4,5.26158,0,5.385164807134504,40.1580538110235
5.0,Software Engineering,1.0,3,2.86158,0,4.123105625617661,31.150172238127446
7.0,Software Engineering,6.0,5,4.36158,0,5.744562646538029,46.68201348385503
1.0,Data Science,4.0,4,3.76158,0,6.0,37.3450066127153
5.0,Data Science,0.0,3,2.56158,0,6.0,35.794378922403496
2.0,Data Science,6.0,4,4.36158,0,6.0,40.240320457871206
1.0,Cybersecurity,7.0,3,4.66158,0,4.58257569495584,33.92012476575692
6.0,Cybersecurity,1.0,4,2.86158,0,3.605551275463989,32.65372869204925
2.0,Data Science,5.0,3,4.06158,0,4.242640687119285,32.095659033999276
8.0,Machine Learning,0.0,3,2.56158,4,6.164414002968976,40.40246840261279
7.0,Software Engineering,6.0,3,4.36158,0,5.744562646538029,42.68201348385503
3.0,Software Engineering,4.0,3,3.76158,0,4.0,31.48768410495551
4.0,Machine Learning,8.0,3,4.96158,0,6.164414002968976,42.663723783236414
7.0,Cybersecurity,10.0,4,5.56158,0,4.58257569495584,44.943095533490784
5.0,Software Engineering,8.0,5,4.96158,0,4.123105625617661,41.643770696173114
5.0,Cybersecurity,9.0,4,5.26158,0,2.6457513110645907,36.18566310688507
10.0,Data Science,0.0,5,2.56158,0,5.0990195135927845,42.31967306190453
4.0,Machine Learning,10.0,3,5.56158,0,4.358898943540674,39.159075028170854
2.0,Cybersecurity,5.0,3,4.06158,0,3.741657386773941,30.608409321423178
7.0,Software Engineering,4.0,4,3.76158,0,4.898979485566356,40.31644967178923
3.0,Software Engineering,8.0,5,4.96158,0,5.744562646538029,44.37732732901094
5.0,Cybersecurity,7.0,3,4.66158,0,4.58257569495584,38.08012476575691
7.0,Data Science,5.0,4,4.06158,0,5.0990195135927845,41.83795767479429
0.0,Software Engineering,2.0,5,3.16158,0,5.0990195135927845,33.77498690706044
3.0,Data Science,10.0,5,5.56158,0,6.0,46.99094814818303
9.0,Software Engineering,1.0,3,2.86158,0,4.123105625617661,35.31017223812744
6.0,Software Engineering,3.0,4,3.46158,0,4.0,35.68002718237755
9.0,Data Science,10.0,4,5.56158,0,5.291502622129181,49.12765943402242
5.0,Cybersecurity,6.0,4,4.36158,0,2.449489742783178,32.82005822576848
7.0,Data Science,6.0,4,4.36158,0,5.291502622129181,43.337031743710604
4.0,Software Engineering,7.0,3,4.66158,0,5.744562646538029,40.489670406432985
4.0,Software Engineering,0.0,5,2.56158,0,4.898979485566356,35.48582198147742
10.0,Software Engineering,6.0,3,4.36158,0,4.123105625617661,40.988456851017204
10.0,Machine Learning,0.0,4,2.56158,0,5.291502622129181,40.89109020824289
8.0,Data Science,7.0,3,4.66158,0,4.242640687119285,40.190972879155176
6.0,Software Engineering,4.0,3,3.76158,0,4.898979485566356,37.27644967178923
0.0,Software Engineering,0.0,4,2.56158,0,4.898979485566356,29.32582198147742
10.0,Cybersecurity,5.0,3,4.06158,0,3.741657386773941,38.928409321423175
8.0,Data Science,0.0,3,2.56158,0,5.291502622129181,36.81109020824289
5.0,Software Engineering,8.0,4,4.96158,0,4.898979485566356,41.94707736210104
3.0,Software Engineering,9.0,3,5.26158,0,5.744562646538029,41.30498425158889
8.0,Software Engineering,8.0,3,4.96158,0,4.0,40.39831179526732
0.0,Machine Learning,8.0,4,4.96158,0,6.164414002968976,40.50372378323641
6.0,Cybersecurity,10.0,4,5.56158,0,4.58257569495584,43.903095533490784
6.0,Cybersecurity,9.0,5,5.26158,0,2.6457513110645907,39.22566310688507
4.0,Software Engineering,8.0,3,4.96158,0,4.242640687119285,36.95862980173314
6.0,Machine Learning,4.0,3,3.76158,0,5.291502622129181,38.4417178985547
9.0,Machine Learning,8.0,4,4.96158,4,5.385164807134504,48.55039688844555
1.0,Cybersecurity,6.0,4,4.36158,0,3.872983346207417,32.88592853139989
8.0,Machine Learning,10.0,3,5.56158,0,4.358898943540674,43.31907502817085
0.0,Software Engineering,3.0,4,3.46158,0,4.242640687119285,30.160345188843372
10.0,Cybersecurity,6.0,4,4.36158,0,2.8284271247461903,39.144994949248755
4.0,Machine Learning,2.0,4,3.16158,0,6.164414002968976,39.09778224776869
5.0,Machine Learning,10.0,3,5.56158,0,6.164414002968976,45.55903762839232
3.0,Cybersecurity,5.0,5,4.06158,0,4.58257569495584,38.14481092060102
2.0,Software Engineering,7.0,4,4.66158,0,5.0,38.19931612656926
4.0,Machine Learning,9.0,3,5.26158,0,4.358898943540674,38.2314181055929
8.0,Machine Learning,10.0,5,5.56158,0,6.164414002968976,52.679037628392315
1.0,Data Science,6.0,5,4.36158,0,6.0,41.20032045787121
0.0,Machine Learning,2.0,4,3.16158,0,5.291502622129181,32.34640405339879
9.0,Data Science,0.0,3,2.56158,0,5.291502622129181,37.851090208242894
2.0,Data Science,6.0,4,4.36158,0,6.0,40.240320457871206
10.0,Data Science,5.0,4,4.06158,0,4.242640687119285,42.415659033999276
1.0,Data Science,6.0,3,4.36158,0,5.291502622129181,35.0970317437106
8.0,Data Science,10.0,4,5.56158,0,4.0,44.25362564042323
10.0,Cybersecurity,0.0,4,2.56158,0,4.58257569495584,38.786526307711256
1.0,Data Science,1.0,3,2.86158,0,4.242640687119285,27.345031343687467
0.0,Data Science,5.0,4,4.06158,0,5.0990195135927845,34.55795767479429
2.0,Cybersecurity,10.0,3,5.56158,0,4.58257569495584,37.74309553349078
10.0,Software Engineering,1.0,4,2.86158,0,5.0990195135927845,41.247329984482484
5.0,Cybersecurity,8.0,4,4.96158,0,3.605551275463989,38.10732715009492
10.0,Software Engineering,9.0,4,5.26158,0,5.744562646538029,50.58498425158889
8.0,Cybersecurity,1.0,3,2.86158,0,2.8284271247461903,30.426710336358997
6.0,Cybersecurity,2.0,3,3.16158,0,3.872983346207417,32.37530084108809
10.0,Machine Learning,6.0,4,4.36158,0,5.291502622129181,46.4570317437106
1.0,Software Engineering,9.0,4,5.26158,0,5.744562646538029,41.22498425158889
3.0,Data Science,9.0,5,5.26158,0,6.0,46.06329122560507
0.0,Machine Learning,9.0,5,5.26158,0,5.291502622129181,40.84000251144447
10.0,Software Engineering,8.0,3,4.96158,0,5.0990195135927845,45.74092844252815
2.0,Data Science,10.0,5,5.56158,0,5.291502622129181,43.84765943402242
6.0,Data Science,8.0,3,4.96158,0,5.0990195135927845,41.580928442528155
6.0,Software Engineering,0.0,3,2.56158,0,5.744562646538029,36.07607194838732
3.0,Data Science,9.0,3,5.26158,0,5.291502622129181,39.960002511444465
7.0,Cybersecurity,1.0,3,2.86158,0,4.58257569495584,34.59418323028921
8.0,Software Engineering,2.0,4,3.16158,0,4.0,36.8323702597996
8.0,Software Engineering,7.0,4,4.66158,0,5.744562646538029,46.64967040643298
3.0,Software Engineering,0.0,3,2.56158,0,5.744562646538029,32.95607194838732
9.0,Machine Learning,10.0,5,5.56158,0,6.164414002968976,53.71903762839232
5.0,Machine Learning,0.0,4,2.56158,0,6.164414002968976,38.28246840261279
7.0,Data Science,2.0,3,3.16158,0,6.0,39.7296927675594
4.0,Cybersecurity,0.0,4,2.56158,0,2.6457513110645907,26.796750803683498
1.0,Software Engineering,4.0,4,3.76158,0,4.898979485566356,34.07644967178923
0.0,Cybersecurity,5.0,5,4.06158,0,2.8284271247461903,29.817338026670807
7.0,Machine Learning,9.0,3,5.26158,4,5.291502622129181,45.12000251144447
5.0,Data Science,4.0,3,3.76158,0,4.242640687119285,34.28800211142132
9.0,Machine Learning,2.0,5,3.16158,0,4.47213595499958,41.27398197597044
7.0,Cybersecurity,0.0,5,2.56158,0,3.872983346207417,35.55998699593218
9.0,Cybersecurity,5.0,3,4.06158,0,4.58257569495584,40.38481092060101
9.0,Cybersecurity,5.0,4,4.06158,0,4.58257569495584,42.38481092060101
1.0,Cybersecurity,9.0,3,5.26158,0,4.58257569495584,35.77543861091283
0.0,Cybersecurity,4.0,4,3.76158,0,4.58257569495584,32.09715399802306
1.0,Software Engineering,10.0,3,5.56158,0,5.744562646538029,40.152641174166845
9.0,Software Engineering,6.0,3,4.36158,0,4.123105625617661,39.948456851017205
9.0,Software Engineering,7.0,4,4.66158,0,5.744562646538029,47.68967040643298
4.0,Cybersecurity,5.0,3,4.06158,0,3.872983346207417,33.07827160882194
2.0,Software Engineering,1.0,3,2.86158,0,5.0,30.633374591101546
9.0,Software Engineering,5.0,5,4.06158,0,4.898979485566356,45.32410659436718
2.0,Machine Learning,1.0,5,2.86158,0,5.291502622129181,35.49874713082084
9.0,Machine Learning,10.0,3,5.56158,0,5.385164807134504,47.40571073360145
8.0,Cybersecurity,4.0,3,3.76158,0,4.58257569495584,38.41715399802306
0.0,Data Science,6.0,3,4.36158,0,5.291502622129181,34.0570317437106
7.0,Software Engineering,7.0,3,4.66158,0,4.0,38.43065487268937
7.0,Cybersecurity,0.0,5,2.56158,0,2.449489742783178,31.334116690300764
1.0,Software Engineering,1.0,5,2.86158,0,4.898979485566356,33.29347890405537
0.0,Cybersecurity,9.0,3,5.26158,0,3.872983346207417,32.62889929913376
6.0,Data Science,5.0,4,4.06158,0,6.0,43.47266353529326
4.0,Machine Learning,7.0,4,4.66158,0,6.164414002968976,43.736066860658454
5.0,Data Science,9.0,4,5.26158,0,5.291502622129181,44.04000251144447
7.0,Data Science,2.0,3,3.16158,0,4.242640687119285,34.512688266265414
5.0,Software Engineering,0.0,4,2.56158,0,4.0,31.857056414643697
5.0,Data Science,0.0,4,2.56158,0,6.0,37.794378922403496
2.0,Cybersecurity,0.0,3,2.56158,0,2.6457513110645907,22.716750803683496
4.0,Software Engineering,10.0,5,5.56158,0,3.872983346207417,41.716556221711706
8.0,Software Engineering,7.0,3,4.66158,0,5.744562646538029,44.64967040643298
4.0,Machine Learning,5.0,3,4.06158,0,5.385164807134504,37.56742612071168
9.0,Software Engineering,0.0,4,2.56158,0,5.0,38.98571766852359
6.0,Machine Learning,10.0,5,5.56158,0,6.164414002968976,50.59903762839232
5.0,Software Engineering,9.0,4,5.26158,0,5.744562646538029,45.38498425158889
6.0,Data Science,2.0,3,3.16158,0,5.291502622129181,36.586404053398795
3.0,Software Engineering,7.0,3,4.66158,0,4.898979485566356,36.93942043952308
6.0,Cybersecurity,2.0,3,3.16158,0,2.8284271247461903,29.274367258936948
7.0,Data Science,8.0,3,4.96158,0,4.47213595499958,40.75992351143816
10.0,Software Engineering,4.0,3,3.76158,0,4.898979485566356,41.43644967178923
1.0,Machine Learning,2.0,4,3.16158,0,4.358898943540674,30.61781964754723
7.0,Data Science,10.0,4,5.56158,0,5.291502622129181,47.04765943402242
3.0,Cybersecurity,9.0,4,5.26158,0,4.58257569495584,39.85543861091283
3.0,Machine Learning,7.0,5,4.66158,0,5.291502622129181,42.10468866628855
9.0,Data Science,9.0,3,5.26158,0,6.0,48.30329122560507
5.0,Software Engineering,3.0,3,3.46158,0,5.744562646538029,37.819042716121174
5.0,Machine Learning,0.0,5,2.56158,0,6.164414002968976,40.28246840261279
7.0,Software Engineering,7.0,4,4.66158,0,5.744562646538029,45.60967040643298
1.0,Data Science,4.0,3,3.76158,0,6.0,35.3450066127153
1.0,Software Engineering,1.0,5,2.86158,0,5.744562646538029,35.803728870965266
10.0,Cybersecurity,8.0,4,4.96158,0,3.741657386773941,43.71138008915704
7.0,Data Science,0.0,3,2.56158,0,5.291502622129181,35.771090208242896
0.0,Cybersecurity,10.0,4,5.56158,0,4.58257569495584,37.66309553349078
1.0,Cybersecurity,5.0,5,4.06158,0,3.741657386773941,33.568409321423175
5.0,Machine Learning,3.0,3,3.46158,0,4.242640687119285,33.360345188843375
10.0,Machine Learning,6.0,5,4.36158,0,4.358898943540674,45.68844733785904
0.0,Machine Learning,0.0,4,2.56158,0,5.291502622129181,30.49109020824289
6.0,Software Engineering,5.0,3,4.06158,0,5.0990195135927845,38.79795767479429
10.0,Cybersecurity,2.0,5,3.16158,0,2.6457513110645907,36.8920646488394
5.0,Data Science,5.0,3,4.06158,0,4.242640687119285,35.21565903399927
9.0,Software Engineering,4.0,4,3.76158,0,5.744562646538029,44.90669963869912
3.0,Software Engineering,9.0,4,5.26158,0,4.123105625617661,38.49142761875107
8.0,Cybersecurity,8.0,5,4.96158,0,4.58257569495584,46.12778168833488
2.0,Software Engineering,4.0,4,3.76158,0,4.0,32.447684104955506
9.0,Machine Learning,0.0,4,2.56158,0,6.164414002968976,42.44246840261279
7.0,Data Science,8.0,3,4.96158,0,5.291502622129181,43.192345588866516
4.0,Software Engineering,10.0,3,5.56158,0,4.123105625617661,38.45908454132902
1.0,Machine Learning,7.0,3,4.66158,4,5.385164807134504,37.30273996586759
6.0,Cybersecurity,7.0,4,4.66158,0,2.8284271247461903,35.91265187182671
5.0,Data Science,1.0,3,2.86158,0,4.242640687119285,31.505031343687467
8.0,Software Engineering,2.0,3,3.16158,0,5.744562646538029,40.011385793543226
8.0,Software Engineering,0.0,4,2.56158,0,5.0990195135927845,38.239673061904526
3.0,Software Engineering,9.0,4,5.26158,0,5.744562646538029,43.30498425158889
1.0,Data Science,4.0,3,3.76158,0,4.242640687119285,30.128002111421328
0.0,Data Science,4.0,3,3.76158,0,5.0990195135927845,31.63030075221634
5.0,Software Engineering,8.0,3,4.96158,0,4.123105625617661,37.643770696173114
5.0,Software Engineering,8.0,5,4.96158,0,4.242640687119285,41.99862980173314
5.0,Machine Learning,6.0,3,4.36158,0,4.358898943540674,36.488447337859036
6.0,Cybersecurity,1.0,4,2.86158,0,4.58257569495584,35.554183230289205
1.0,Machine Learning,4.0,4,3.76158,4,4.358898943540674,33.473133492703134
9.0,Data Science,2.0,4,3.16158,0,5.0990195135927845,41.13498690706044
3.0,Cybersecurity,3.0,3,3.46158,0,3.872983346207417,30.18295776366604
10.0,Software Engineering,5.0,4,4.06158,0,4.123105625617661,42.06079992843925
3.0,Cybersecurity,2.0,4,3.16158,0,3.872983346207417,31.255300841088086
2.0,Software Engineering,1.0,4,2.86158,0,4.898979485566356,32.333478904055376
9.0,Data Science,10.0,4,5.56158,0,6.0,51.230948148183025
3.0,Data Science,1.0,5,2.86158,0,6.0,38.64203584498145
6.0,Machine Learning,4.0,4,3.76158,4,5.385164807134504,41.71976919813373
7.0,Machine Learning,3.0,3,3.46158,0,5.385164807134504,38.83211227555578
10.0,Machine Learning,2.0,4,3.16158,4,5.291502622129181,43.74640405339879
8.0,Data Science,2.0,3,3.16158,0,4.242640687119285,35.55268826626542
3.0,Data Science,7.0,4,4.66158,0,5.291502622129181,40.10468866628855
7.0,Machine Learning,9.0,3,5.26158,0,5.291502622129181,44.12000251144447
7.0,Machine Learning,4.0,3,3.76158,4,5.385164807134504,40.75976919813373
9.0,Software Engineering,9.0,3,5.26158,0,5.744562646538029,47.54498425158889
0.0,Machine Learning,1.0,3,2.86158,0,6.164414002968976,32.01012532519074
5.0,Software Engineering,0.0,3,2.56158,0,4.0,29.857056414643697
10.0,Software Engineering,0.0,4,2.56158,0,3.872983346207417,36.67998699593218
5.0,Data Science,10.0,4,5.56158,0,5.291502622129181,44.967659434022416
5.0,Cybersecurity,3.0,3,3.46158,0,4.58257569495584,34.36949707544511
4.0,Machine Learning,3.0,3,3.46158,0,5.385164807134504,35.712112275555775
5.0,Software Engineering,6.0,4,4.36158,0,5.744562646538029,42.60201348385503
8.0,Machine Learning,3.0,4,3.46158,0,6.164414002968976,44.18543917034665
8.0,Cybersecurity,2.0,4,3.16158,0,4.58257569495584,38.56184015286716
5.0,Software Engineering,1.0,4,2.86158,0,5.744562646538029,37.96372887096527
3.0,Software Engineering,10.0,5,5.56158,0,4.0,41.05362564042323
8.0,Machine Learning,4.0,3,3.76158,0,4.358898943540674,37.753133492703135
7.0,Software Engineering,9.0,3,5.26158,0,5.744562646538029,45.464984251588895
4.0,Machine Learning,2.0,4,3.16158,0,5.385164807134504,36.78445535297783
3.0,Cybersecurity,8.0,4,4.96158,0,3.872983346207417,36.8212423765558
2.0,Machine Learning,4.0,3,3.76158,4,6.164414002968976,37.8730960929246
8.0,Software Engineering,7.0,4,4.66158,0,5.744562646538029,46.64967040643298
6.0,Machine Learning,9.0,4,5.26158,4,6.164414002968976,48.671380705814364
6.0,Data Science,8.0,4,4.96158,0,5.291502622129181,44.15234558886651
4.0,Machine Learning,10.0,4,5.56158,0,6.164414002968976,46.51903762839232
10.0,Machine Learning,8.0,4,4.96158,0,5.291502622129181,48.31234558886651
2.0,Cybersecurity,3.0,3,3.46158,0,4.58257569495584,31.249497075445113
5.0,Machine Learning,4.0,4,3.76158,0,4.358898943540674,36.63313349270313
5.0,Cybersecurity,7.0,3,4.66158,0,4.58257569495584,38.08012476575691
4.0,Data Science,6.0,4,4.36158,0,5.0990195135927845,39.645614597372244
0.0,Software Engineering,5.0,3,4.06158,0,4.0,29.295341027533464
0.0,Machine Learning,1.0,4,2.86158,0,5.385164807134504,31.696798430399873
3.0,Data Science,5.0,3,4.06158,0,4.242640687119285,33.135659033999275
3.0,Machine Learning,8.0,3,4.96158,0,6.164414002968976,41.623723783236414
4.0,Cybersecurity,2.0,5,3.16158,0,2.449489742783178,30.069430535456668
8.0,Cybersecurity,5.0,5,4.06158,0,4.58257569495584,43.34481092060101
1.0,Cybersecurity,9.0,3,5.26158,0,4.58257569495584,35.77543861091283
10.0,Machine Learning,6.0,3,4.36158,0,6.164414002968976,47.0484099380805
7.0,Software Engineering,1.0,5,2.86158,0,4.123105625617661,37.230172238127444
0.0,Software Engineering,3.0,3,3.46158,0,4.898979485566356,30.10879274921128
6.0,Machine Learning,7.0,3,4.66158,0,5.385164807134504,41.50273996586758
3.0,Machine Learning,9.0,3,5.26158,4,5.385164807134504,41.2380538110235
7.0,Machine Learning,6.0,4,4.36158,4,4.358898943540674,41.56844733785904
5.0,Data Science,6.0,3,4.36158,0,4.242640687119285,36.143315956577226
3.0,Cybersecurity,4.0,5,3.76158,0,4.58257569495584,37.217153998023065
1.0,Cybersecurity,9.0,5,5.26158,0,2.449489742783178,33.44302899350234
7.0,Cybersecurity,7.0,3,4.66158,0,2.8284271247461903,34.95265187182671
3.0,Cybersecurity,0.0,3,2.56158,0,2.8284271247461903,24.299053413781046
9.0,Cybersecurity,0.0,5,2.56158,0,4.58257569495584,39.74652630771125
3.0,Machine Learning,10.0,4,5.56158,0,5.385164807134504,43.16571073360145
0.0,Software Engineering,6.0,3,4.36158,0,4.0,30.222997950111413
0.0,Machine Learning,6.0,5,4.36158,0,5.385164807134504,38.335083043289636
3.0,Data Science,2.0,3,3.16158,0,4.242640687119285,30.352688266265417
10.0,Cybersecurity,3.0,4,3.46158,0,4.58257569495584,41.569497075445106
4.0,Machine Learning,8.0,5,4.96158,4,6.164414002968976,47.663723783236414
3.0,Machine Learning,9.0,3,5.26158,0,4.47213595499958,37.527580434016116
1.0,Software Engineering,0.0,4,2.56158,0,4.0,27.697056414643697
4.0,Cybersecurity,4.0,3,3.76158,0,4.58257569495584,34.257153998023064
9.0,Cybersecurity,1.0,3,2.86158,0,2.8284271247461903,31.466710336358997
6.0,Software Engineering,9.0,5,5.26158,0,5.744562646538029,48.424984251588896
10.0,Data Science,7.0,5,4.66158,0,6.0,51.48797738044916
0.0,Cybersecurity,2.0,4,3.16158,0,4.58257569495584,30.24184015286716
3.0,Machine Learning,9.0,3,5.26158,0,5.291502622129181,39.960002511444465
2.0,Machine Learning,5.0,3,4.06158,0,5.291502622129181,35.20937482113265
8.0,Software Engineering,8.0,4,4.96158,0,4.0,42.39831179526732
2.0,Cybersecurity,7.0,5,4.66158,0,3.605551275463989,36.05967022751696
0.0,Data Science,2.0,5,3.16158,0,6.0,36.4496927675594
6.0,Cybersecurity,10.0,4,5.56158,0,3.741657386773941,41.40669393431295
8.0,Machine Learning,3.0,3,3.46158,0,6.164414002968976,42.18543917034665
10.0,Software Engineering,8.0,5,4.96158,0,5.744562646538029,51.65732732901094
3.0,Software Engineering,0.0,3,2.56158,0,4.123105625617661,28.142515315549492
5.0,Machine Learning,10.0,4,5.56158,4,4.358898943540674,43.19907502817085
3.0,Machine Learning,9.0,5,5.26158,4,6.164414002968976,47.55138070581437
2.0,Data Science,3.0,5,3.46158,0,5.0990195135927845,36.78264382963838
0.0,Machine Learning,3.0,3,3.46158,0,6.164414002968976,33.86543917034665
5.0,Machine Learning,7.0,4,4.66158,0,6.164414002968976,44.77606686065845
9.0,Software Engineering,2.0,4,3.16158,0,4.123105625617661,38.2378291607054
0.0,Cybersecurity,5.0,3,4.06158,0,4.58257569495584,31.024810920601016
10.0,Data Science,7.0,5,4.66158,0,4.0,45.550654872689364
0.0,Cybersecurity,8.0,3,4.96158,0,4.58257569495584,33.80778168833488
4.0,Data Science,1.0,3,2.86158,0,5.291502622129181,33.57874713082084
5.0,Software Engineering,7.0,4,4.66158,0,5.744562646538029,43.52967040643298
6.0,Software Engineering,10.0,4,5.56158,0,4.898979485566356,44.84239120725695
8.0,Data Science,0.0,3,2.56158,0,6.0,38.9143789224035
2.0,Cybersecurity,7.0,5,4.66158,0,2.8284271247461903,33.75265187182671
3.0,Machine Learning,8.0,5,4.96158,0,6.164414002968976,45.623723783236414
0.0,Cybersecurity,8.0,4,4.96158,0,3.605551275463989,32.90732715009492
3.0,Software Engineering,7.0,5,4.66158,0,4.242640687119285,38.99097287915517
5.0,Software Engineering,7.0,4,4.66158,0,4.123105625617661,38.71611377359516
2.0,Machine Learning,10.0,4,5.56158,0,4.358898943540674,39.079075028170855
6.0,Software Engineering,8.0,3,4.96158,0,5.744562646538029,43.49732732901094
7.0,Cybersecurity,8.0,3,4.96158,0,4.58257569495584,41.08778168833488
4.0,Machine Learning,5.0,3,4.06158,0,6.164414002968976,39.88075301550255
3.0,Machine Learning,3.0,3,3.46158,0,4.358898943540674,31.625476570125183
4.0,Software Engineering,2.0,4,3.16158,0,4.242640687119285,33.392688266265424
7.0,Machine Learning,10.0,4,5.56158,0,5.291502622129181,47.04765943402242
7.0,Cybersecurity,3.0,3,3.46158,0,3.605551275463989,33.54904253720516
6.0,Cybersecurity,5.0,3,4.06158,0,4.58257569495584,37.264810920601015
2.0,Cybersecurity,7.0,4,4.66158,0,3.741657386773941,34.46372316657908
3.0,Cybersecurity,8.0,4,4.96158,0,4.58257569495584,38.927781688334875
2.0,Data Science,2.0,4,3.16158,0,5.291502622129181,34.4264040533988
4.0,Cybersecurity,7.0,3,4.66158,0,3.872983346207417,34.93358545397785
8.0,Cybersecurity,4.0,4,3.76158,0,3.605551275463989,37.516699459783105
2.0,Software Engineering,10.0,4,5.56158,0,4.0,38.01362564042323
4.0,Cybersecurity,2.0,3,3.16158,0,4.58257569495584,32.40184015286716
8.0,Software Engineering,8.0,3,4.96158,0,3.872983346207417,40.021242376555804
9.0,Software Engineering,6.0,3,4.36158,0,5.0,42.551659203991306
9.0,Machine Learning,7.0,3,4.66158,0,4.47213595499958,41.9122665888602
7.0,Cybersecurity,6.0,3,4.36158,0,4.58257569495584,39.232467843178966
4.0,Machine Learning,10.0,4,5.56158,0,5.385164807134504,44.20571073360145
3.0,Software Engineering,8.0,4,4.96158,0,4.898979485566356,39.86707736210104
2.0,Data Science,5.0,5,4.06158,0,5.0990195135927845,38.637957674794286
2.0,Machine Learning,10.0,3,5.56158,0,4.358898943540674,37.079075028170855
3.0,Cybersecurity,4.0,5,3.76158,0,2.449489742783178,30.884744380612577
4.0,Machine Learning,6.0,3,4.36158,0,6.164414002968976,40.8084099380805
6.0,Software Engineering,8.0,5,4.96158,0,5.0,45.28697304914722
0.0,Machine Learning,1.0,4,2.86158,0,4.358898943540674,28.650162724969277
1.0,Machine Learning,2.0,4,3.16158,0,6.164414002968976,35.977782247768694
0.0,Software Engineering,0.0,4,2.56158,0,5.0,29.625717668523595
6.0,Machine Learning,2.0,3,3.16158,0,4.358898943540674,33.817819647547225
8.0,Software Engineering,5.0,5,4.06158,0,5.744562646538029,46.79435656127708
4.0,Cybersecurity,2.0,5,3.16158,0,4.58257569495584,36.40184015286716
4.0,Data Science,5.0,4,4.06158,0,4.242640687119285,36.175659033999274
4.0,Machine Learning,3.0,4,3.46158,0,6.164414002968976,40.02543917034665
4.0,Data Science,8.0,5,4.96158,0,4.242640687119285,40.95862980173314
3.0,Cybersecurity,9.0,5,5.26158,0,2.449489742783178,35.52302899350234
8.0,Data Science,2.0,3,3.16158,0,4.242640687119285,35.55268826626542
9.0,Cybersecurity,6.0,4,4.36158,0,3.741657386773941,40.81606624400113
2.0,Software Engineering,0.0,4,2.56158,0,5.744562646538029,33.91607194838731
8.0,Data Science,9.0,3,5.26158,0,5.291502622129181,45.16000251144447
10.0,Data Science,5.0,3,4.06158,0,5.0990195135927845,42.95795767479429
3.0,Data Science,2.0,5,3.16158,0,5.291502622129181,37.46640405339879
2.0,Machine Learning,4.0,3,3.76158,0,5.291502622129181,34.281717898554696
7.0,Software Engineering,10.0,4,5.56158,0,4.123105625617661,43.579084541329024
3.0,Cybersecurity,1.0,4,2.86158,0,3.605551275463989,29.53372869204925
2.0,Cybersecurity,2.0,3,3.16158,0,2.6457513110645907,24.5720646488394
5.0,Data Science,10.0,5,5.56158,0,6.0,49.07094814818303
5.0,Software Engineering,10.0,4,5.56158,0,5.0990195135927845,44.39624228768405
1.0,Cybersecurity,8.0,5,4.96158,0,2.8284271247461903,33.64030879440467
5.0,Software Engineering,0.0,3,2.56158,0,5.0990195135927845,33.11967306190453
3.0,Cybersecurity,3.0,4,3.46158,0,3.872983346207417,32.18295776366604
6.0,Cybersecurity,8.0,4,4.96158,0,3.741657386773941,39.551380089157036
5.0,Cybersecurity,5.0,3,4.06158,0,3.872983346207417,34.11827160882194
6.0,Data Science,2.0,5,3.16158,0,5.291502622129181,40.586404053398795
5.0,Machine Learning,6.0,4,4.36158,0,5.385164807134504,41.53508304328963
7.0,Machine Learning,4.0,3,3.76158,0,6.164414002968976,42.0730960929246
0.0,Software Engineering,2.0,3,3.16158,0,5.744562646538029,31.691385793543223
5.0,Data Science,1.0,4,2.86158,0,6.0,38.72203584498145
7.0,Machine Learning,2.0,3,3.16158,4,5.385164807134504,38.904455352977834
0.0,Software Engineering,2.0,5,3.16158,0,5.0990195135927845,33.77498690706044
6.0,Machine Learning,10.0,3,5.56158,0,4.358898943540674,41.23907502817085
2.0,Machine Learning,10.0,3,5.56158,0,5.291502622129181,39.84765943402242
2.0,Machine Learning,3.0,5,3.46158,4,5.385164807134504,38.63211227555578
1.0,Software Engineering,3.0,4,3.46158,0,5.744562646538029,35.65904271612117
8.0,Cybersecurity,2.0,5,3.16158,0,3.605551275463989,37.66138561462721
4.0,Data Science,3.0,3,3.46158,0,5.0990195135927845,34.86264382963839
9.0,Software Engineering,9.0,5,5.26158,0,5.744562646538029,51.54498425158889
0.0,Data Science,1.0,3,2.86158,0,5.291502622129181,29.41874713082084
9.0,Machine Learning,1.0,4,2.86158,0,5.385164807134504,41.05679843039987
5.0,Software Engineering,0.0,3,2.56158,0,4.242640687119285,30.577374421109514
6.0,Machine Learning,4.0,5,3.76158,4,6.164414002968976,46.033096092924595
0.0,Machine Learning,4.0,3,3.76158,0,5.385164807134504,32.47976919813373
6.0,Machine Learning,0.0,3,2.56158,0,6.164414002968976,37.322468402612785
1.0,Data Science,6.0,4,4.36158,0,4.242640687119285,33.98331595657723
6.0,Cybersecurity,10.0,3,5.56158,0,4.58257569495584,41.903095533490784
6.0,Data Science,7.0,4,4.66158,0,5.291502622129181,43.22468866628855
2.0,Software Engineering,4.0,3,3.76158,0,4.898979485566356,33.116449671789226
6.0,Data Science,1.0,3,2.86158,0,4.242640687119285,32.54503134368746
0.0,Data Science,5.0,3,4.06158,0,5.0990195135927845,32.55795767479429
1.0,Machine Learning,8.0,4,4.96158,0,5.291502622129181,38.952345588866514
0.0,Cybersecurity,4.0,4,3.76158,0,3.741657386773941,29.600752398845227
5.0,Software Engineering,4.0,3,3.76158,0,5.744562646538029,38.74669963869913
9.0,Data Science,0.0,4,2.56158,0,6.0,41.9543789224035
8.0,Data Science,6.0,4,4.36158,0,4.0,40.54299795011141
6.0,Cybersecurity,8.0,5,4.96158,0,4.58257569495584,44.04778168833488
9.0,Machine Learning,2.0,5,3.16158,0,5.385164807134504,43.98445535297783
1.0,Data Science,4.0,5,3.76158,0,4.242640687119285,34.128002111421324
0.0,Machine Learning,6.0,4,4.36158,4,5.385164807134504,37.335083043289636
4.0,Data Science,8.0,3,4.96158,0,6.0,42.17563430302712
2.0,Machine Learning,3.0,5,3.46158,4,6.164414002968976,40.94543917034665
10.0,Data Science,8.0,4,4.96158,0,6.0,50.41563430302712
6.0,Software Engineering,4.0,3,3.76158,0,5.0,37.576345358835404
10.0,Data Science,4.0,3,3.76158,0,5.291502622129181,42.601717898554696
10.0,Software Engineering,5.0,4,4.06158,0,5.0990195135927845,44.95795767479429
6.0,Machine Learning,3.0,5,3.46158,4,6.164414002968976,45.10543917034665
0.0,Data Science,10.0,3,5.56158,0,4.0,33.93362564042322
7.0,Software Engineering,5.0,4,4.06158,0,4.0,38.57534102753346
5.0,Cybersecurity,5.0,5,4.06158,0,3.741657386773941,37.72840932142318
5.0,Cybersecurity,7.0,3,4.66158,0,3.872983346207417,35.97358545397784
9.0,Machine Learning,9.0,4,5.26158,0,6.164414002968976,50.79138070581436
9.0,Data Science,1.0,3,2.86158,0,4.242640687119285,35.66503134368747
7.0,Cybersecurity,7.0,5,4.66158,0,4.58257569495584,44.16012476575692
3.0,Machine Learning,10.0,3,5.56158,0,4.358898943540674,38.119075028170855
9.0,Cybersecurity,7.0,3,4.66158,0,3.605551275463989,39.33967022751696
10.0,Software Engineering,1.0,4,2.86158,0,5.0,40.95337459110154
1.0,Data Science,8.0,5,4.96158,0,6.0,43.05563430302712
6.0,Data Science,8.0,4,4.96158,0,6.0,46.25563430302712
7.0,Data Science,7.0,4,4.66158,0,6.0,46.36797738044916
10.0,Machine Learning,2.0,3,3.16158,4,6.164414002968976,44.3377822477687
3.0,Software Engineering,2.0,5,3.16158,0,5.744562646538029,38.811385793543224
7.0,Cybersecurity,0.0,5,2.56158,0,3.741657386773941,35.17012470853342
1.0,Cybersecurity,9.0,4,5.26158,0,3.741657386773941,35.27903701173499
4.0,Software Engineering,8.0,3,4.96158,0,5.0,39.206973049147216
7.0,Data Science,0.0,3,2.56158,0,6.0,37.874378922403494
8.0,Machine Learning,6.0,4,4.36158,0,6.164414002968976,46.9684099380805
6.0,Cybersecurity,7.0,3,4.66158,0,2.8284271247461903,33.91265187182671
8.0,Data Science,5.0,4,4.06158,0,6.0,45.552663535293256
1.0,Software Engineering,10.0,3,5.56158,0,4.0,34.97362564042323
4.0,Software Engineering,3.0,4,3.46158,0,5.744562646538029,38.779042716121175
9.0,Machine Learning,9.0,4,5.26158,0,6.164414002968976,50.79138070581436
8.0,Data Science,2.0,3,3.16158,0,6.0,40.769692767559405
9.0,Data Science,1.0,4,2.86158,0,5.291502622129181,40.77874713082084
6.0,Data Science,4.0,3,3.76158,0,6.0,40.545006612715305
8.0,Cybersecurity,9.0,4,5.26158,0,3.872983346207417,42.94889929913376
3.0,Data Science,9.0,3,5.26158,0,6.0,42.06329122560507
2.0,Data Science,0.0,3,2.56158,0,5.0990195135927845,29.999673061904527
6.0,Data Science,7.0,4,4.66158,0,6.0,45.32797738044916
6.0,Machine Learning,10.0,4,5.56158,4,4.47213595499958,44.575237356594066
5.0,Cybersecurity,4.0,4,3.76158,0,2.8284271247461903,32.089681104092854
8.0,Cybersecurity,9.0,4,5.26158,0,4.58257569495584,45.05543861091283
4.0,Software Engineering,7.0,5,4.66158,0,4.898979485566356,41.97942043952309
1.0,Machine Learning,3.0,5,3.46158,0,6.164414002968976,38.90543917034665
4.0,Data Science,3.0,3,3.46158,0,6.0,37.537349690137354
4.0,Cybersecurity,2.0,5,3.16158,0,3.872983346207417,34.295300841088086
1.0,Cybersecurity,2.0,3,3.16158,0,4.58257569495584,29.281840152867158
0.0,Cybersecurity,2.0,3,3.16158,0,4.58257569495584,28.24184015286716
9.0,Data Science,8.0,3,4.96158,0,4.242640687119285,42.158629801733134
10.0,Software Engineering,10.0,5,5.56158,0,5.744562646538029,53.512641174166845
6.0,Software Engineering,4.0,3,3.76158,0,5.744562646538029,39.786699638699126
4.0,Cybersecurity,1.0,4,2.86158,0,4.58257569495584,33.474183230289206
9.0,Machine Learning,1.0,5,2.86158,0,4.358898943540674,40.01016272496928
8.0,Software Engineering,6.0,4,4.36158,0,3.872983346207417,40.16592853139989
10.0,Machine Learning,9.0,4,5.26158,0,5.291502622129181,49.240002511444466
3.0,Cybersecurity,7.0,4,4.66158,0,4.58257569495584,38.000124765756915
1.0,Machine Learning,9.0,4,5.26158,0,6.164414002968976,42.47138070581437
6.0,Software Engineering,6.0,3,4.36158,0,5.744562646538029,41.64201348385503
4.0,Machine Learning,1.0,4,2.86158,0,4.358898943540674,32.81016272496928
3.0,Data Science,2.0,4,3.16158,0,5.0990195135927845,34.894986907060435
5.0,Cybersecurity,9.0,3,5.26158,0,4.58257569495584,39.935438610912826
8.0,Software Engineering,3.0,5,3.46158,0,5.0,42.72868843625745
9.0,Data Science,8.0,3,4.96158,0,4.242640687119285,42.158629801733134
7.0,Software Engineering,10.0,5,5.56158,0,4.123105625617661,45.579084541329024
8.0,Cybersecurity,1.0,3,2.86158,0,4.58257569495584,35.6341832302892
2.0,Data Science,4.0,4,3.76158,0,5.0990195135927845,35.710300752216334
10.0,Cybersecurity,9.0,4,5.26158,0,4.58257569495584,47.13543861091283
5.0,Machine Learning,7.0,4,4.66158,0,4.358898943540674,39.41610426043699
3.0,Data Science,10.0,4,5.56158,0,5.0990195135927845,42.316242287684055
2.0,Cybersecurity,7.0,4,4.66158,0,3.872983346207417,34.85358545397784
10.0,Data Science,7.0,3,4.66158,0,5.291502622129181,45.384688666288554
8.0,Software Engineering,10.0,3,5.56158,0,5.744562646538029,47.43264117416685
4.0,Data Science,2.0,3,3.16158,0,4.47213595499958,32.07398197597044
2.0,Data Science,8.0,5,4.96158,0,5.0990195135927845,41.42092844252815
1.0,Software Engineering,3.0,4,3.46158,0,4.898979485566356,33.148792749211275
2.0,Data Science,4.0,3,3.76158,0,5.0990195135927845,33.710300752216334
7.0,Cybersecurity,10.0,3,5.56158,0,3.872983346207417,40.83655622171171
1.0,Machine Learning,2.0,3,3.16158,0,6.164414002968976,33.977782247768694
3.0,Cybersecurity,5.0,4,4.06158,0,4.58257569495584,36.14481092060102
9.0,Machine Learning,5.0,4,4.06158,0,6.164414002968976,47.08075301550255
7.0,Software Engineering,4.0,4,3.76158,0,4.0,37.64768410495551
6.0,Data Science,2.0,4,3.16158,0,6.0,40.68969276755941
5.0,Data Science,5.0,4,4.06158,0,5.0990195135927845,39.75795767479429
9.0,Cybersecurity,0.0,3,2.56158,0,3.605551275463989,32.846071769471294
10.0,Data Science,0.0,5,2.56158,0,5.291502622129181,42.89109020824289
4.0,Cybersecurity,9.0,4,5.26158,0,3.872983346207417,38.78889929913376
8.0,Machine Learning,10.0,3,5.56158,0,4.358898943540674,43.31907502817085
6.0,Machine Learning,8.0,5,4.96158,0,6.164414002968976,48.74372378323641
9.0,Cybersecurity,6.0,4,4.36158,0,3.605551275463989,40.41201330493901
3.0,Data Science,8.0,3,4.96158,0,6.0,41.13563430302712
8.0,Cybersecurity,4.0,3,3.76158,0,3.741657386773941,35.920752398845224
6.0,Machine Learning,2.0,5,3.16158,4,5.291502622129181,41.586404053398795
10.0,Data Science,2.0,4,3.16158,0,5.0990195135927845,42.17498690706043
5.0,Machine Learning,5.0,4,4.06158,0,6.164414002968976,42.92075301550255
6.0,Software Engineering,5.0,4,4.06158,0,5.744562646538029,42.71435656127708
6.0,Machine Learning,9.0,5,5.26158,0,5.385164807134504,47.358053811023495
3.0,Data Science,10.0,5,5.56158,0,5.0990195135927845,44.316242287684055
8.0,Software Engineering,0.0,5,2.56158,0,5.744562646538029,42.15607194838732
8.0,Cybersecurity,7.0,4,4.66158,0,3.605551275463989,40.29967022751696
9.0,Data Science,5.0,3,4.06158,0,6.0,44.592663535293255
5.0,Software Engineering,10.0,3,5.56158,0,5.744562646538029,44.31264117416685
4.0,Data Science,5.0,3,4.06158,0,6.0,39.39266353529326
3.0,Data Science,10.0,5,5.56158,0,5.291502622129181,44.88765943402242
0.0,Machine Learning,2.0,4,3.16158,0,5.291502622129181,32.34640405339879
2.0,Data Science,1.0,5,2.86158,0,6.0,37.60203584498145
6.0,Cybersecurity,1.0,5,2.86158,0,4.58257569495584,37.554183230289205
9.0,Software Engineering,6.0,3,4.36158,0,3.872983346207417,39.20592853139989
8.0,Software Engineering,0.0,4,2.56158,0,4.242640687119285,35.697374421109515
4.0,Machine Learning,5.0,3,4.06158,0,6.164414002968976,39.88075301550255
9.0,Data Science,3.0,5,3.46158,0,4.242640687119285,41.52034518884337
4.0,Machine Learning,10.0,3,5.56158,0,6.164414002968976,44.51903762839232
9.0,Data Science,8.0,5,4.96158,0,4.47213595499958,46.83992351143816
3.0,Data Science,7.0,5,4.66158,0,5.291502622129181,42.10468866628855
1.0,Cybersecurity,2.0,3,3.16158,0,4.58257569495584,29.281840152867158
7.0,Cybersecurity,5.0,4,4.06158,0,4.58257569495584,40.304810920601014
7.0,Data Science,5.0,4,4.06158,0,6.0,44.51266353529326
7.0,Cybersecurity,4.0,4,3.76158,0,2.449489742783178,33.04474438061257
8.0,Machine Learning,5.0,4,4.06158,0,5.385164807134504,43.727426120711684
6.0,Cybersecurity,5.0,5,4.06158,0,2.8284271247461903,36.057338026670806
0.0,Software Engineering,4.0,4,3.76158,0,5.744562646538029,35.546699638699124
3.0,Software Engineering,6.0,4,4.36158,0,5.0,38.31165920399131
6.0,Machine Learning,0.0,4,2.56158,0,6.164414002968976,39.322468402612785
2.0,Software Engineering,3.0,4,3.46158,0,5.744562646538029,36.69904271612118
8.0,Machine Learning,7.0,4,4.66158,0,6.164414002968976,47.89606686065846
2.0,Software Engineering,9.0,4,5.26158,0,4.0,37.085968717845276
2.0,Cybersecurity,6.0,5,4.36158,0,3.605551275463989,35.13201330493901
2.0,Cybersecurity,0.0,4,2.56158,0,4.58257569495584,30.466526307711256
7.0,Machine Learning,10.0,4,5.56158,0,6.164414002968976,49.63903762839232
6.0,Data Science,10.0,5,5.56158,0,6.0,50.11094814818303
9.0,Machine Learning,7.0,5,4.66158,4,4.358898943540674,46.576104260436985
4.0,Data Science,0.0,5,2.56158,0,4.47213595499958,34.218668130814535
10.0,Cybersecurity,9.0,4,5.26158,0,3.872983346207417,45.028899299133755
6.0,Machine Learning,5.0,3,4.06158,0,5.291502622129181,39.36937482113265
0.0,Data Science,6.0,3,4.36158,0,5.291502622129181,34.0570317437106
5.0,Machine Learning,0.0,3,2.56158,0,4.358898943540674,30.922505802391324
3.0,Cybersecurity,6.0,4,4.36158,0,3.872983346207417,34.965928531399896
6.0,Data Science,0.0,5,2.56158,0,4.47213595499958,36.298668130814534
6.0,Machine Learning,0.0,4,2.56158,4,5.385164807134504,38.00914150782192
10.0,Machine Learning,3.0,4,3.46158,0,5.291502622129181,43.67406097597675
3.0,Data Science,3.0,3,3.46158,0,5.291502622129181,34.39406097597675
3.0,Cybersecurity,9.0,4,5.26158,0,4.58257569495584,39.85543861091283
7.0,Data Science,1.0,5,2.86158,0,4.0,36.86471333722165
0.0,Machine Learning,4.0,4,3.76158,0,6.164414002968976,36.7930960929246
5.0,Data Science,1.0,3,2.86158,0,6.0,36.72203584498145
5.0,Data Science,3.0,4,3.46158,0,4.242640687119285,35.360345188843375
4.0,Cybersecurity,9.0,4,5.26158,0,3.741657386773941,38.39903701173499
9.0,Software Engineering,9.0,3,5.26158,0,5.744562646538029,47.54498425158889
6.0,Cybersecurity,2.0,5,3.16158,0,2.8284271247461903,33.27436725893695
7.0,Machine Learning,1.0,3,2.86158,4,4.358898943540674,34.93016272496928
1.0,Data Science,6.0,5,4.36158,0,6.0,41.20032045787121
8.0,Cybersecurity,2.0,5,3.16158,0,3.741657386773941,38.06543855368932
5.0,Software Engineering,5.0,5,4.06158,0,5.744562646538029,43.67435656127708
5.0,Data Science,7.0,3,4.66158,0,4.242640687119285,37.07097287915518
7.0,Software Engineering,10.0,3,5.56158,0,5.744562646538029,46.39264117416685
1.0,Software Engineering,5.0,4,4.06158,0,5.0,35.304002281413354
1.0,Machine Learning,0.0,4,2.56158,0,6.164414002968976,34.12246840261279
2.0,Data Science,1.0,3,2.86158,0,4.242640687119285,28.385031343687466
9.0,Cybersecurity,7.0,3,4.66158,0,3.605551275463989,39.33967022751696
1.0,Software Engineering,10.0,4,5.56158,0,5.0,39.94228689430312
10.0,Data Science,10.0,4,5.56158,0,5.291502622129181,50.16765943402242
3.0,Data Science,1.0,5,2.86158,0,5.0990195135927845,35.96732998448248
2.0,Data Science,7.0,4,4.66158,0,4.242640687119285,35.95097287915518
9.0,Cybersecurity,8.0,4,4.96158,0,3.872983346207417,43.0612423765558
5.0,Machine Learning,4.0,5,3.76158,0,4.47213595499958,38.969295821126344
3.0,Software Engineering,0.0,4,2.56158,0,5.744562646538029,34.95607194838732
1.0,Cybersecurity,8.0,5,4.96158,0,3.605551275463989,35.94732715009492
6.0,Cybersecurity,6.0,3,4.36158,0,4.58257569495584,38.19246784317897
2.0,Machine Learning,2.0,4,3.16158,0,5.291502622129181,34.4264040533988
2.0,Data Science,6.0,5,4.36158,0,6.0,42.240320457871206
3.0,Software Engineering,4.0,5,3.76158,0,5.744562646538029,40.66669963869913
3.0,Cybersecurity,1.0,3,2.86158,0,3.741657386773941,27.937781631111367
4.0,Software Engineering,5.0,5,4.06158,0,4.898979485566356,40.124106594367184
1.0,Cybersecurity,8.0,3,4.96158,0,4.58257569495584,34.84778168833488
2.0,Data Science,3.0,3,3.46158,0,6.0,35.457349690137356
10.0,Machine Learning,3.0,3,3.46158,0,6.164414002968976,44.265439170346646
5.0,Cybersecurity,0.0,3,2.56158,0,3.872983346207417,29.47998699593218
7.0,Data Science,9.0,4,5.26158,0,4.47213595499958,43.68758043401611
0.0,Machine Learning,9.0,4,5.26158,4,6.164414002968976,42.43138070581436
6.0,Data Science,5.0,3,4.06158,0,6.0,41.47266353529326
4.0,Cybersecurity,8.0,4,4.96158,0,4.58257569495584,39.967781688334874
7.0,Data Science,2.0,3,3.16158,0,6.0,39.7296927675594
3.0,Data Science,5.0,3,4.06158,0,6.0,38.35266353529326
6.0,Cybersecurity,4.0,4,3.76158,0,4.58257569495584,38.33715399802306
7.0,Cybersecurity,6.0,4,4.36158,0,2.449489742783178,34.900058225768475
7.0,Software Engineering,5.0,3,4.06158,0,5.0,39.544002281413356
3.0,Data Science,9.0,4,5.26158,0,5.0990195135927845,41.38858536510611
3.0,Data Science,3.0,3,3.46158,0,5.0990195135927845,33.82264382963839
9.0,Data Science,0.0,3,2.56158,0,5.0990195135927845,37.27967306190453
5.0,Machine Learning,9.0,3,5.26158,4,6.164414002968976,45.631380705814365
6.0,Machine Learning,8.0,5,4.96158,0,4.358898943540674,43.38376118301495
2.0,Cybersecurity,10.0,5,5.56158,0,4.58257569495584,41.74309553349078
8.0,Data Science,8.0,4,4.96158,0,5.291502622129181,46.232345588866515
6.0,Cybersecurity,1.0,4,2.86158,0,4.58257569495584,35.554183230289205
6.0,Data Science,0.0,3,2.56158,0,6.0,36.8343789224035
0.0,Machine Learning,9.0,4,5.26158,0,4.47213595499958,36.40758043401611
9.0,Data Science,10.0,5,5.56158,0,5.0990195135927845,50.55624228768406
0.0,Software Engineering,7.0,4,4.66158,0,4.898979485566356,35.819420439523086
8.0,Software Engineering,8.0,3,4.96158,0,4.0,40.39831179526732
3.0,Machine Learning,6.0,4,4.36158,0,6.164414002968976,41.7684099380805
6.0,Software Engineering,1.0,4,2.86158,0,5.0,36.793374591101546
1.0,Machine Learning,2.0,3,3.16158,0,6.164414002968976,33.977782247768694
7.0,Cybersecurity,8.0,3,4.96158,0,4.58257569495584,41.08778168833488
3.0,Machine Learning,7.0,3,4.66158,0,4.242640687119285,34.99097287915517
7.0,Software Engineering,10.0,4,5.56158,0,5.744562646538029,48.39264117416685
9.0,Data Science,0.0,3,2.56158,0,5.291502622129181,37.851090208242894
9.0,Machine Learning,7.0,4,4.66158,0,5.291502622129181,46.344688666288555
3.0,Data Science,4.0,3,3.76158,0,5.0990195135927845,34.75030075221634
10.0,Machine Learning,10.0,5,5.56158,0,4.242640687119285,49.053943646889046
6.0,Software Engineering,1.0,4,2.86158,0,5.0,36.793374591101546
1.0,Machine Learning,7.0,4,4.66158,0,6.164414002968976,40.61606686065846
0.0,Data Science,8.0,5,4.96158,0,4.242640687119285,36.798629801733135
10.0,Software Engineering,3.0,3,3.46158,0,4.898979485566356,40.508792749211274
1.0,Data Science,8.0,4,4.96158,0,5.291502622129181,38.952345588866514
2.0,Machine Learning,4.0,4,3.76158,0,5.385164807134504,36.55976919813373
5.0,Machine Learning,8.0,3,4.96158,0,4.242640687119285,37.99862980173314
9.0,Cybersecurity,9.0,4,5.26158,0,4.58257569495584,46.09543861091283
5.0,Software Engineering,4.0,4,3.76158,0,5.744562646538029,40.74669963869913
3.0,Cybersecurity,9.0,5,5.26158,0,4.58257569495584,41.85543861091283
10.0,Software Engineering,10.0,5,5.56158,0,3.872983346207417,47.95655622171171
1.0,Cybersecurity,0.0,4,2.56158,0,4.58257569495584,29.426526307711253
4.0,Software Engineering,6.0,5,4.36158,0,4.123105625617661,38.7484568510172
0.0,Cybersecurity,9.0,3,5.26158,0,4.58257569495584,34.73543861091283
0.0,Data Science,5.0,4,4.06158,0,4.47213595499958,32.696952743704294
0.0,Machine Learning,9.0,3,5.26158,0,4.358898943540674,34.0714181055929
8.0,Cybersecurity,10.0,5,5.56158,0,4.58257569495584,47.98309553349078
7.0,Data Science,3.0,4,3.46158,0,6.0,42.65734969013736
0.0,Cybersecurity,5.0,4,4.06158,0,5.0,34.264002281413354
0.0,Software Engineering,5.0,3,4.06158,0,7.3484692283495345,39.235811885543846
0.0,Software Engineering,5.0,4,4.06158,0,6.6332495807108,39.112567029585094
0.0,Software Engineering,5.0,5,4.06158,5,4.795831523312719,36.90789523540814
2.0,Machine Learning,5.0,3,4.06158,0,5.291502622129181,35.20937482113265
3.0,Data Science,5.0,3,4.06158,0,3.4641016151377544,30.824440256376096
0.0,Cybersecurity,5.0,4,4.06158,0,6.708203932499369,39.33508110954951
0.0,Cybersecurity,5.0,3,4.06158,4,6.855654600401044,38.77281219420792
3.0,Machine Learning,5.0,3,4.06158,0,6.48074069840786,39.779819819819835
0.0,Data Science,5.0,5,4.06158,0,4.47213595499958,34.696952743704294
3.0,Software Engineering,5.0,3,4.06158,0,5.477225575051661,36.800723355429774
2.0,Data Science,5.0,3,4.06158,0,5.5677643628300215,36.02950234668065
4.0,Machine Learning,5.0,3,4.06158,0,4.58257569495584,35.18481092060102
0.0,Machine Learning,5.0,3,4.06158,0,5.196152422706632,32.84631237855721
0.0,Machine Learning,5.0,3,4.06158,0,6.324555320336759,36.196158339517574
2.0,Cybersecurity,5.0,4,4.06158,0,6.48074069840786,40.73981981981983
0.0,Data Science,5.0,3,4.06158,0,6.782329983125268,37.55513624394575
5.0,Software Engineering,5.0,4,4.06158,0,6.557438524302,44.08750968380859
2.0,Cybersecurity,5.0,5,4.06158,0,5.0990195135927845,38.637957674794286
7.0,Machine Learning,5.0,4,4.06158,0,6.4031242374328485,45.70940283946003
4.0,Machine Learning,5.0,3,4.06158,0,5.385164807134504,37.56742612071168
3.0,Machine Learning,5.0,3,4.06158,0,7.071067811865476,41.53230104865622
0.0,Software Engineering,5.0,3,4.06158,0,6.855654600401044,37.77281219420792
1.0,Machine Learning,5.0,5,4.06158,0,5.830951894845301,39.77081697547868
0.0,Cybersecurity,5.0,3,4.06158,0,5.830951894845301,34.73081697547868
1.0,Machine Learning,5.0,3,4.06158,0,4.358898943540674,31.40079041528109
4.0,Software Engineering,5.0,3,4.06158,0,6.855654600401044,41.93281219420792
0.0,Machine Learning,5.0,4,4.06158,0,6.4031242374328485,38.42940283946003
5.0,Cybersecurity,5.0,4,4.06158,0,5.385164807134504,40.607426120711686
0.0,Software Engineering,5.0,3,4.06158,0,5.477225575051661,33.68072335542978
1.0,Software Engineering,5.0,4,4.06158,0,4.795831523312719,34.69789523540815
0.0,Machine Learning,5.0,4,4.06158,0,7.681145747868608,42.22341577911573
1.0,Machine Learning,5.0,3,4.06158,0,6.557438524302,37.92750968380859
0.0,Machine Learning,5.0,5,4.06158,0,5.830951894845301,38.73081697547868
4.0,Software Engineering,5.0,4,4.06158,0,7.211102550927978,44.988016752708255
6.0,Software Engineering,5.0,2,4.06158,0,6.4031242374328485,40.669402839460034
6.0,Machine Learning,5.0,4,4.06158,0,5.5677643628300215,42.18950234668065
7.0,Machine Learning,5.0,3,4.06158,0,4.0,36.57534102753346
0.0,Cybersecurity,5.0,4,4.06158,0,4.0,31.295341027533464
0.0,Data Science,5.0,4,4.06158,0,5.0990195135927845,34.55795767479429
0.0,Software Engineering,5.0,3,4.06158,0,7.280109889280518,39.03287616430882
7.0,Software Engineering,5.0,3,4.06158,4,7.0,46.48132478917316
7.0,Software Engineering,5.0,3,4.06158,0,5.744562646538029,41.75435656127708
3.0,Cybersecurity,5.0,4,4.06158,0,4.47213595499958,35.8169527437043
2.0,Machine Learning,5.0,4,4.06158,0,6.0,39.312663535293254
4.0,Data Science,5.0,3,4.06158,0,5.385164807134504,37.56742612071168
4.0,Machine Learning,5.0,4,4.06158,0,6.928203230275509,44.14818450073832
2.0,Data Science,5.0,3,4.06158,0,4.47213595499958,32.77695274370429
0.0,Machine Learning,5.0,4,4.06158,0,5.744562646538029,36.47435656127708
3.0,Machine Learning,5.0,4,4.06158,0,5.196152422706632,37.966312378557205
1.0,Cybersecurity,5.0,4,4.06158,0,4.898979485566356,35.00410659436718
0.0,Data Science,5.0,4,4.06158,0,5.830951894845301,36.73081697547868
0.0,Machine Learning,5.0,3,4.06158,0,6.082762530298219,35.47835745226264
2.0,Software Engineering,5.0,3,4.06158,0,7.211102550927978,40.90801675270825
3.0,Machine Learning,5.0,4,4.06158,0,6.855654600401044,42.89281219420792
0.0,Cybersecurity,5.0,5,4.06158,0,5.196152422706632,36.84631237855721
7.0,Machine Learning,5.0,3,4.06158,0,5.744562646538029,41.75435656127708
0.0,Machine Learning,5.0,3,4.06158,0,3.741657386773941,28.52840932142318
4.0,Software Engineering,5.0,4,4.06158,0,5.477225575051661,39.84072335542977
6.0,Data Science,5.0,4,4.06158,0,4.242640687119285,38.25565903399927
0.0,Software Engineering,5.0,2,4.06158,0,6.244997998398398,33.95997960041671
1.0,Software Engineering,5.0,3,4.06158,5,6.244997998398398,38.24997960041671
0.0,Cybersecurity,5.0,3,4.06158,0,5.830951894845301,34.73081697547868
0.0,Cybersecurity,5.0,5,4.06158,0,4.69041575982343,35.344951542789325
2.0,Machine Learning,5.0,3,4.06158,0,6.708203932499369,39.41508110954951
0.0,Software Engineering,5.0,3,4.06158,0,5.5677643628300215,33.94950234668065
1.0,Data Science,5.0,3,4.06158,0,5.5677643628300215,34.98950234668065
2.0,Data Science,5.0,3,4.06158,0,7.14142842854285,40.70117788518544
7.0,Machine Learning,5.0,5,4.06158,0,5.830951894845301,46.01081697547868
0.0,Machine Learning,5.0,3,4.06158,0,5.196152422706632,32.84631237855721
5.0,Cybersecurity,5.0,4,4.06158,0,6.244997998398398,43.15997960041671
2.0,Cybersecurity,5.0,1,4.06158,0,7.14142842854285,36.70117788518544
2.0,Machine Learning,5.0,3,4.06158,0,5.656854249492381,36.29398004132774
6.0,Data Science,5.0,4,4.06158,0,5.291502622129181,41.36937482113265
1.0,Cybersecurity,5.0,3,4.06158,4,5.0990195135927845,34.59795767479429
2.0,Software Engineering,5.0,3,4.06158,0,6.855654600401044,39.85281219420792
10.0,Machine Learning,5.0,3,4.06158,0,6.164414002968976,46.12075301550255
0.0,Cybersecurity,5.0,3,4.06158,0,4.898979485566356,31.964106594367184
5.0,Software Engineering,5.0,4,4.06158,0,5.916079783099616,42.183532838963885
8.0,Software Engineering,5.0,3,4.06158,4,5.744562646538029,43.79435656127708
4.0,Machine Learning,5.0,3,4.06158,0,4.898979485566356,36.124106594367184
1.0,Data Science,5.0,4,4.06158,0,5.744562646538029,37.514356561277076
5.0,Cybersecurity,5.0,3,4.06158,0,5.291502622129181,38.32937482113265
0.0,Machine Learning,5.0,3,4.06158,0,6.6332495807108,37.112567029585094
2.0,Software Engineering,5.0,5,4.06158,0,3.872983346207417,34.998271608821945
8.0,Machine Learning,5.0,4,4.06158,0,4.358898943540674,40.68079041528109
0.0,Software Engineering,5.0,4,4.06158,0,6.557438524302,38.88750968380859
5.0,Software Engineering,5.0,3,4.06158,0,6.782329983125268,42.75513624394575
0.0,Data Science,5.0,4,4.06158,0,4.898979485566356,33.96410659436718
2.0,Cybersecurity,5.0,4,4.06158,0,6.782329983125268,41.63513624394575
0.0,Data Science,5.0,3,4.06158,0,5.0990195135927845,32.55795767479429
2.0,Cybersecurity,5.0,4,4.06158,0,4.898979485566356,36.04410659436718
1.0,Machine Learning,5.0,3,4.06158,0,6.244997998398398,36.99997960041671
5.0,Machine Learning,5.0,3,4.06158,0,5.5677643628300215,39.14950234668065
3.0,Machine Learning,5.0,3,4.06158,0,6.324555320336759,39.31615833951757
0.0,Software Engineering,5.0,3,4.06158,0,6.082762530298219,35.47835745226264
2.0,Software Engineering,5.0,4,4.06158,0,6.557438524302,40.967509683808586
1.0,Machine Learning,5.0,3,4.06158,5,7.615773105863909,42.31934654973262
0.0,Software Engineering,5.0,5,4.06158,9,4.795831523312719,37.90789523540814
8.0,Machine Learning,5.0,4,4.06158,0,3.3166247903554,37.58663152079948
9.0,Cybersecurity,5.0,4,4.06158,0,6.082762530298219,46.83835745226264
0.0,Data Science,5.0,5,4.06158,0,5.385164807134504,37.40742612071168
1.0,Cybersecurity,5.0,5,4.06158,0,7.071067811865476,43.45230104865622
0.0,Software Engineering,5.0,4,4.06158,0,7.0,40.20132478917316
4.0,Software Engineering,5.0,5,4.06158,0,5.385164807134504,41.56742612071168
0.0,Data Science,5.0,4,4.06158,0,6.557438524302,38.88750968380859
4.0,Cybersecurity,5.0,3,4.06158,0,4.58257569495584,35.18481092060102
4.0,Machine Learning,5.0,4,4.06158,0,6.855654600401044,43.93281219420792
5.0,Machine Learning,5.0,4,4.06158,0,4.795831523312719,38.857895235408144
0.0,Cybersecurity,5.0,5,4.06158,0,5.196152422706632,36.84631237855721
5.0,Cybersecurity,5.0,5,4.06158,0,5.0,41.46400228141336
2.0,Machine Learning,5.0,4,4.06158,0,5.291502622129181,37.20937482113265
4.0,Machine Learning,5.0,4,4.06158,0,7.071067811865476,44.57230104865622
2.0,Machine Learning,5.0,3,4.06158,0,6.244997998398398,38.03997960041671
2.0,Machine Learning,5.0,3,4.06158,0,4.795831523312719,33.737895235408146
7.0,Machine Learning,5.0,5,4.06158,0,5.5677643628300215,45.229502346680654
6.0,Data Science,5.0,3,4.06158,0,4.69041575982343,37.58495154278933
1.0,Machine Learning,5.0,4,4.06158,0,6.708203932499369,40.37508110954951
0.0,Data Science,5.0,4,4.06158,0,5.5677643628300215,35.94950234668065
3.0,Cybersecurity,5.0,3,4.06158,0,4.795831523312719,34.777895235408145
0.0,Machine Learning,5.0,1,4.06158,0,5.291502622129181,29.129374821132654
0.0,Cybersecurity,5.0,3,4.06158,0,6.0,35.232663535293256
7.0,Machine Learning,5.0,3,4.06158,0,5.477225575051661,40.96072335542978
0.0,Cybersecurity,5.0,4,4.06158,0,5.916079783099616,36.98353283896389
2.0,Machine Learning,5.0,3,4.06158,0,5.5677643628300215,36.02950234668065
2.0,Software Engineering,5.0,3,4.06158,5,7.280109889280518,42.362876164308815
7.0,Machine Learning,5.0,3,4.06158,0,6.324555320336759,43.476158339517575
3.0,Software Engineering,5.0,3,4.06158,0,7.0,41.321324789173154
2.0,Data Science,5.0,3,4.06158,0,5.656854249492381,36.29398004132774
0.0,Machine Learning,5.0,4,4.06158,5,6.557438524302,40.13750968380859
0.0,Software Engineering,5.0,3,4.06158,0,5.0990195135927845,32.55795767479429
4.0,Software Engineering,5.0,3,4.06158,0,6.324555320336759,40.35615833951757
0.0,Software Engineering,5.0,3,4.06158,0,6.324555320336759,36.196158339517574
6.0,Software Engineering,5.0,4,4.06158,0,5.0990195135927845,40.79795767479429
0.0,Data Science,5.0,4,4.06158,0,6.324555320336759,38.196158339517574
0.0,Machine Learning,5.0,3,4.06158,0,5.0,32.264002281413354
1.0,Machine Learning,5.0,4,4.06158,0,5.5677643628300215,36.98950234668065
1.0,Software Engineering,5.0,4,4.06158,0,7.14142842854285,41.66117788518544
0.0,Machine Learning,5.0,5,4.06158,0,5.291502622129181,37.12937482113265
0.0,Machine Learning,5.0,4,4.06158,0,5.0,34.264002281413354
6.0,Machine Learning,5.0,4,4.06158,0,6.782329983125268,45.79513624394575
6.0,Cybersecurity,5.0,3,4.06158,4,4.47213595499958,37.936952743704296
2.0,Machine Learning,5.0,4,4.06158,0,5.656854249492381,38.29398004132774
9.0,Machine Learning,5.0,5,4.06158,0,5.196152422706632,46.20631237855721
6.0,Machine Learning,5.0,4,4.06158,0,5.385164807134504,41.647426120711685
0.0,Data Science,5.0,3,4.06158,0,3.0,26.326679773653563
0.0,Software Engineering,5.0,3,4.06158,0,5.916079783099616,34.98353283896389
0.0,Machine Learning,5.0,3,4.06158,0,6.164414002968976,35.72075301550255
0.0,Machine Learning,5.0,3,4.06158,0,6.244997998398398,35.95997960041671
3.0,Software Engineering,5.0,3,4.06158,5,6.855654600401044,42.14281219420792
7.0,Data Science,5.0,4,4.06158,0,5.916079783099616,44.26353283896389
3.0,Cybersecurity,5.0,4,4.06158,0,5.477225575051661,38.800723355429774
1.0,Data Science,5.0,5,4.06158,0,6.782329983125268,42.59513624394575
0.0,Machine Learning,5.0,4,4.06158,5,4.795831523312719,34.90789523540814
5.0,Cybersecurity,5.0,5,4.06158,0,4.69041575982343,40.54495154278933
9.0,Data Science,5.0,4,4.06158,0,4.123105625617661,41.02079992843925
0.0,Software Engineering,5.0,2,4.06158,0,6.324555320336759,34.196158339517574
4.0,Data Science,5.0,3,4.06158,0,5.196152422706632,37.006312378557205
0.0,Software Engineering,5.0,3,4.06158,0,6.928203230275509,37.98818450073832
3.0,Software Engineering,5.0,4,4.06158,0,5.744562646538029,39.59435656127708
0.0,Data Science,5.0,4,4.06158,0,5.477225575051661,35.68072335542978
9.0,Data Science,5.0,3,4.06158,0,6.855654600401044,47.13281219420792
3.0,Cybersecurity,5.0,3,4.06158,0,5.5677643628300215,37.06950234668065
0.0,Machine Learning,5.0,3,4.06158,0,5.656854249492381,34.213980041327744
1.0,Data Science,5.0,3,4.06158,0,5.5677643628300215,34.98950234668065
0.0,Machine Learning,5.0,4,4.06158,0,6.164414002968976,37.72075301550255
0.0,Software Engineering,5.0,4,4.06158,4,4.795831523312719,34.65789523540814
1.0,Software Engineering,5.0,4,4.06158,0,5.291502622129181,36.16937482113265
2.0,Cybersecurity,5.0,3,4.06158,0,4.123105625617661,31.740799928439255
8.0,Machine Learning,5.0,3,4.06158,0,5.744562646538029,42.79435656127708
3.0,Machine Learning,5.0,1,4.06158,0,5.291502622129181,32.24937482113265
8.0,Software Engineering,5.0,4,4.06158,0,7.071067811865476,48.73230104865622
1.0,Machine Learning,5.0,4,4.06158,0,6.48074069840786,39.69981981981983
2.0,Data Science,5.0,3,4.06158,0,5.916079783099616,37.06353283896389
6.0,Software Engineering,5.0,1,4.06158,0,6.0,37.47266353529326
3.0,Software Engineering,5.0,3,4.06158,0,6.244997998398398,39.07997960041671
7.0,Software Engineering,5.0,5,4.06158,0,5.656854249492381,45.493980041327745
1.0,Machine Learning,5.0,1,4.06158,0,5.477225575051661,30.72072335542978
1.0,Cybersecurity,5.0,4,4.06158,0,4.69041575982343,34.384951542789324
2.0,Machine Learning,5.0,2,4.06158,0,5.291502622129181,33.20937482113265
1.0,Machine Learning,5.0,5,4.06158,0,7.3484692283495345,44.275811885543845
0.0,Machine Learning,5.0,1,4.06158,0,7.416198487095663,35.43687711173748
2.0,Machine Learning,5.0,3,4.06158,0,5.830951894845301,36.81081697547868
0.0,Software Engineering,5.0,4,4.06158,0,4.58257569495584,33.02481092060101
0.0,Software Engineering,5.0,5,4.06158,0,4.795831523312719,35.65789523540814
0.0,Data Science,5.0,3,4.06158,0,5.0,32.264002281413354
0.0,Machine Learning,5.0,3,4.06158,0,6.782329983125268,37.55513624394575
2.0,Cybersecurity,5.0,3,4.06158,0,4.69041575982343,33.42495154278932
5.0,Machine Learning,5.0,5,4.06158,0,5.0990195135927845,41.75795767479429
5.0,Machine Learning,5.0,3,4.06158,0,6.244997998398398,41.15997960041671
0.0,Machine Learning,5.0,4,4.06158,0,3.872983346207417,30.918271608821943
5.0,Machine Learning,5.0,4,4.06158,0,5.830951894845301,41.930816975478685
0.0,Machine Learning,5.0,4,4.06158,0,4.898979485566356,33.96410659436718
2.0,Machine Learning,5.0,5,4.06158,0,5.385164807134504,39.48742612071168
3.0,Cybersecurity,5.0,4,4.06158,0,2.6457513110645907,30.39503541657326
3.0,Machine Learning,5.0,4,4.06158,0,5.744562646538029,39.59435656127708
7.0,Machine Learning,5.0,3,4.06158,0,6.4031242374328485,43.70940283946003
0.0,Machine Learning,5.0,4,4.06158,5,5.0990195135927845,35.80795767479429
0.0,Machine Learning,5.0,2,4.06158,0,6.324555320336759,34.196158339517574
5.0,Machine Learning,5.0,4,4.06158,5,4.242640687119285,38.46565903399927
2.0,Software Engineering,5.0,3,4.06158,5,6.708203932499369,40.66508110954951
0.0,Data Science,5.0,4,4.06158,0,6.708203932499369,39.33508110954951
1.0,Data Science,5.0,4,4.06158,0,5.744562646538029,37.514356561277076
3.0,Machine Learning,5.0,3,4.06158,0,4.898979485566356,35.084106594367185
0.0,Cybersecurity,5.0,3,4.06158,0,5.830951894845301,34.73081697547868
4.0,Machine Learning,5.0,3,4.06158,0,4.47213595499958,34.8569527437043
3.0,Machine Learning,5.0,4,4.06158,0,5.0990195135927845,37.67795767479429
2.0,Cybersecurity,5.0,4,4.06158,0,4.795831523312719,35.737895235408146
3.0,Software Engineering,5.0,5,4.06158,4,8.0,49.289986043053055
4.0,Machine Learning,5.0,4,4.06158,5,7.280109889280518,46.442876164308814
6.0,Machine Learning,5.0,3,4.06158,0,4.0,35.535341027533455
0.0,Data Science,5.0,3,4.06158,0,6.244997998398398,35.95997960041671
0.0,Software Engineering,5.0,3,4.06158,5,5.916079783099616,36.23353283896389
3.0,Cybersecurity,5.0,3,4.06158,0,5.916079783099616,38.103532838963886
0.0,Machine Learning,5.0,4,4.06158,0,3.605551275463989,30.12435638236106
4.0,Machine Learning,5.0,3,4.06158,0,6.244997998398398,40.11997960041671
2.0,Software Engineering,5.0,4,4.06158,4,6.782329983125268,42.63513624394575
3.0,Machine Learning,5.0,3,4.06158,5,6.324555320336759,40.56615833951757
2.0,Machine Learning,5.0,3,4.06158,5,5.5677643628300215,37.27950234668065
7.0,Machine Learning,5.0,4,4.06158,0,6.244997998398398,45.23997960041671
0.0,Data Science,5.0,4,4.06158,0,5.385164807134504,35.40742612071168
4.0,Machine Learning,5.0,3,4.06158,0,4.0,33.45534102753346
2.0,Machine Learning,5.0,4,4.06158,5,3.872983346207417,34.248271608821945
6.0,Machine Learning,5.0,4,4.06158,0,6.708203932499369,45.57508110954951
7.0,Machine Learning,5.0,4,4.06158,0,5.744562646538029,43.75435656127708
0.0,Machine Learning,5.0,5,4.06158,0,5.385164807134504,37.40742612071168
3.0,Cybersecurity,5.0,4,4.06158,0,6.557438524302,42.00750968380859
0.0,Cybersecurity,5.0,3,4.06158,4,5.385164807134504,34.40742612071168
7.0,Cybersecurity,5.0,3,4.06158,0,6.0,42.51266353529326
0.0,Software Engineering,5.0,3,4.06158,0,7.211102550927978,38.82801675270825
0.0,Cybersecurity,5.0,2,4.06158,0,5.5677643628300215,31.949502346680656
8.0,Machine Learning,5.0,3,4.06158,0,6.782329983125268,45.875136243945754
0.0,Data Science,5.0,3,4.06158,0,5.744562646538029,34.47435656127708
0.0,Machine Learning,5.0,3,4.06158,0,5.830951894845301,34.73081697547868
0.0,Cybersecurity,5.0,3,4.06158,4,6.928203230275509,38.98818450073832
0.0,Machine Learning,5.0,3,4.06158,0,6.244997998398398,35.95997960041671
0.0,Software Engineering,5.0,4,4.06158,0,7.615773105863909,42.02934654973262
3.0,Machine Learning,5.0,4,4.06158,0,5.5677643628300215,39.06950234668065
1.0,Software Engineering,5.0,3,4.06158,0,6.782329983125268,38.59513624394575
1.0,Data Science,5.0,4,4.06158,0,6.782329983125268,40.59513624394575
0.0,Machine Learning,5.0,5,4.06158,0,3.741657386773941,32.528409321423176
1.0,Data Science,5.0,4,4.06158,0,5.656854249492381,37.25398004132774
1.0,Machine Learning,5.0,4,4.06158,0,6.557438524302,39.92750968380859
0.0,Software Engineering,5.0,3,4.06158,0,7.681145747868608,40.22341577911573
0.0,Software Engineering,5.0,4,4.06158,0,6.082762530298219,37.47835745226264
0.0,Data Science,5.0,3,4.06158,0,4.47213595499958,30.696952743704298
1.0,Machine Learning,5.0,2,4.06158,0,5.916079783099616,34.02353283896389
5.0,Machine Learning,5.0,3,4.06158,0,4.795831523312719,36.857895235408144
0.0,Machine Learning,5.0,1,4.06158,0,6.082762530298219,31.478357452262646
0.0,Machine Learning,5.0,3,4.06158,5,3.741657386773941,29.77840932142318
0.0,Software Engineering,5.0,3,4.06158,0,7.745966692414834,40.415847205630016
0.0,Software Engineering,5.0,4,4.06158,0,8.06225774829855,43.35480820818076
2.0,Machine Learning,5.0,3,4.06158,0,6.6332495807108,39.19256702958509
7.0,Machine Learning,5.0,4,4.06158,0,4.795831523312719,40.93789523540814
0.0,Machine Learning,5.0,3,4.06158,0,6.928203230275509,37.98818450073832
3.0,Machine Learning,5.0,3,4.06158,0,5.385164807134504,36.52742612071168
3.0,Machine Learning,5.0,4,4.06158,0,6.557438524302,42.00750968380859
3.0,Cybersecurity,5.0,4,4.06158,0,5.196152422706632,37.966312378557205
0.0,Cybersecurity,5.0,5,4.06158,0,4.898979485566356,35.96410659436718
0.0,Machine Learning,5.0,1,4.06158,5,6.0,32.482663535293256
0.0,Cybersecurity,5.0,4,4.06158,0,6.082762530298219,37.47835745226264
6.0,Data Science,5.0,3,4.06158,0,6.928203230275509,44.228184500738315
0.0,Cybersecurity,5.0,3,4.06158,0,5.196152422706632,32.84631237855721
0.0,Cybersecurity,5.0,4,4.06158,0,5.5677643628300215,35.94950234668065
2.0,Software Engineering,5.0,4,4.06158,0,5.656854249492381,38.29398004132774
3.0,Data Science,5.0,4,4.06158,0,5.916079783099616,40.103532838963886
0.0,Machine Learning,5.0,3,4.06158,0,4.242640687119285,30.015659033999277
0.0,Machine Learning,5.0,4,4.06158,5,5.0,35.514002281413354
0.0,Machine Learning,5.0,3,4.06158,0,6.082762530298219,35.47835745226264
2.0,Software Engineering,5.0,5,4.06158,5,5.385164807134504,40.73742612071168
1.0,Machine Learning,5.0,4,4.06158,0,6.244997998398398,38.99997960041671
0.0,Data Science,5.0,3,4.06158,0,7.3484692283495345,39.235811885543846
3.0,Cybersecurity,5.0,1,4.06158,0,4.47213595499958,29.816952743704302
3.0,Machine Learning,5.0,4,4.06158,0,5.0990195135927845,37.67795767479429
1.0,Machine Learning,5.0,4,4.06158,0,6.782329983125268,40.59513624394575
2.0,Data Science,5.0,2,4.06158,0,6.855654600401044,37.85281219420792
6.0,Software Engineering,5.0,3,4.06158,0,5.656854249492381,40.453980041327746
0.0,Machine Learning,5.0,3,4.06158,0,4.47213595499958,30.696952743704298
0.0,Software Engineering,5.0,1,4.06158,0,6.708203932499369,33.33508110954951
4.0,Machine Learning,5.0,5,4.06158,0,6.0,43.39266353529326
3.0,Machine Learning,5.0,4,4.06158,0,6.782329983125268,42.67513624394575
9.0,Machine Learning,5.0,3,4.06158,0,5.477225575051661,43.040723355429776
2.0,Data Science,5.0,1,4.06158,0,4.69041575982343,29.424951542789326
0.0,Blockchain,1.0,0,2.0820109265152813,0,7.14142842854285,26.846449846492014
0.0,Blockchain,1.0,0,1.8652475842498528,0,7.211102550927978,26.479354593865047
10.0,Blockchain,6.0,3,4.74519850870008,0,10.295630140987,60.32831532085568
16.5,Blockchain,5.0,3,3.957022726719393,0,10.198039027185567,64.57837830892844
3.75,Blockchain,3.0,4,3.213351808937316,7,5.477225575051661,38.81816448468517
7.33,Blockchain,3.0,4,3.4683514753642024,0,9.0,51.92446259382963
10.0,Blockchain,6.0,3,4.768044950188257,0,10.295630140987,60.3888068788702
13.42,Data Science,9.0,4,5.805343740649393,0,10.954451150103322,71.04792627640317
10.83,Data Science,4.0,3,3.421943851182875,0,7.14142842854285,48.05745094672203
11.5,Data Science,7.0,0,4.800773444631341,0,6.782329983125268,45.73899887756462
0.58,Data Science,8.0,4,5.259505901808227,0,10.954451150103322,56.11575337209039
11.5,Data Science,4.0,3,3.52163735324878,0,7.810249675906654,51.003717670827086
6.5,Data Science,9.0,4,5.456903797085777,0,7.745966692414834,53.40364256116204
17.67,Data Science,3.0,4,2.112435565298214,0,3.0,41.27597509589191
0.0,Data Science,3.0,3,2.660406801556109,0,9.486832980505138,41.607273089465046
0.0,Data Science,3.0,3,3.571525206660907,0,8.12403840463596,39.97400710765011
8.08,Data Science,4.0,0,4.160763599359804,0,9.38083151964686,47.80168664902372
0.0,Data Science,1.0,4,2.2233873435381306,0,7.937253933193772,37.58331493034573
14.83,Data Science,6.0,3,3.653344048145983,0,7.937253933193772,55.45934273724078
0.75,Data Science,4.0,3,3.822945316723884,0,10.392304845413264,48.28675155130676
3.75,Data Science,4.0,0,2.698486600049651,0,9.591663046625438,40.05263698572172
8.17,Data Science,4.0,4,4.462116810622109,0,10.0,58.53129467427267
11.0,Data Science,4.0,4,2.9133141406666025,0,7.483314773547883,49.90247376818995
0.0,Data Science,4.0,3,2.9604068015561094,0,9.486832980505138,42.534930012043
0.0,Data Science,2.0,4,2.8772071863769,0,10.770329614269007,47.85823868167334
19.5,Data Science,6.0,4,4.137442665676854,0,7.54983443527075,62.447795322844044
17.08,Data Science,9.0,3,5.90765015386466,0,10.246950765959598,71.02487862338356
18.5,Data Science,2.0,5,2.7676724084236053,0,10.246950765959598,67.25448398036032
5.0,Data Science,3.0,3,3.1839308861086333,0,9.486832980505138,48.193431522457594
16.83,Data Science,11.0,3,5.618972987563632,0,5.656854249492381,56.640760000480896
11.5,Data Science,7.0,0,4.800773444631341,0,6.782329983125268,45.73899887756462
18.5,Data Science,4.0,3,3.7188471883405168,0,7.681145747868608,58.4226132554182
17.08,Data Science,3.0,5,2.1447955870272457,0,3.1622776601683795,43.22980359336352
22.17,Data Science,6.0,3,4.490104076801615,0,9.899494936611664,71.1336990058558
4.33,Data Science,4.0,0,4.055505571251218,0,9.055385138137416,42.65685013707447
10.08,Data Science,9.0,3,5.331672303693334,0,8.54400374531753,57.16436314154828
3.33,Data Science,3.0,3,3.437430530335212,0,8.54400374531753,44.32889339384523
11.25,Data Science,4.0,3,4.191885975946454,0,10.392304845413264,60.18361244681326
1.33,Data Science,2.0,3,2.7341453136775145,3,7.874007874011811,39.01444915191302
0.0,Data Science,1.0,5,1.5447955870272458,0,4.47213595499958,27.499815316146197
22.58,Data Science,10.0,3,6.06179466260617,0,10.0,76.55323418434966
0.0,Data Science,2.0,5,3.394593408983665,0,10.770329614269007,51.22814561956241
14.83,Data Science,6.0,3,3.653344048145983,0,8.12403840463596,56.013842560437645
15.92,Data Science,9.0,3,5.543130421947202,0,7.937253933193772,61.996615721718655
1.75,Data Science,3.0,4,3.356916043270283,0,5.916079783099616,36.67109549456101
3.75,Data Science,3.0,4,3.261933689902387,0,5.916079783099616,38.49960641508738
4.0,Data Science,2.0,0,1.6955592060513012,0,5.385164807134504,24.902805689789236
5.08,Data Science,2.0,4,2.2102286436538443,0,8.602325267042627,44.93937887780279
2.0,Data Science,6.0,1,2.9772549813552,0,5.0990195135927845,27.900274539068704
22.58,Data Science,10.0,3,6.06179466260617,0,10.0,76.55323418434966
10.83,Data Science,4.0,4,3.897211957034491,0,9.0,56.83330925078136
12.33,Data Science,3.0,3,3.3419072268115024,0,9.899494936611664,57.45996619571077
10.17,Data Science,1.0,3,2.0146428199482243,0,8.18535277187245,46.34393400915342
13.58,Data Science,2.0,3,3.291345702753807,0,10.198039027185567,59.379035099081705
6.08,Data Science,2.0,3,2.14935468758045,0,10.770329614269007,50.25427065072447
11.58,Data Science,4.0,5,4.267442174842058,0,9.746794344808963,62.8105640050181
16.0,Data Science,4.0,4,2.444795587027245,0,3.1622776601683795,41.034260515941476
7.42,Data Science,4.0,5,3.955573047778493,0,9.219544457292889,56.09318767822421
11.42,Data Science,2.0,3,3.0509553695460663,0,11.04536101718726,59.011554686049195
9.92,Data Science,1.0,3,2.09252472142171,0,10.770329614269007,53.96406604173826
7.67,Data Science,5.0,3,4.356888359213269,0,7.416198487095663,48.19557843115156
5.25,Data Science,3.0,4,3.350814679884536,0,5.916079783099616,40.294940638348166
12.25,Data Science,3.0,3,3.438171108445674,0,9.539392014169456,56.56262484236191
11.17,Data Science,3.0,5,2.510228643653844,0,11.090536506409418,61.58729209815741
17.08,Data Science,3.0,5,2.1447955870272457,0,3.1622776601683795,43.22980359336352
8.75,Data Science,5.0,3,4.333431617185897,0,10.246950765959598,57.660215562349926
0.0,Software Engineering,10.0,0,6.529321118327239,0,10.14889156509222,48.7499337792524
16.5,Software Engineering,3.0,0,2.635245065804764,0,9.9498743710662,54.07526425705422
15.5,Software Engineering,9.0,3,5.741888361015553,5,9.219544457292889,67.14276231533451
14.75,Software Engineering,7.0,0,5.120477697140785,0,9.433981132056603,57.837348333370095
10.5,Software Engineering,8.0,0,5.677988715001483,0,9.746794344808963,55.95546530693815
14.5,Software Engineering,6.0,4,4.5449921516365945,5,8.246211251235321,61.64418942943946
14.5,Software Engineering,4.0,3,3.843415429507505,0,10.862780491200215,64.03763401671037
12.58,Software Engineering,2.0,1,2.326428000191762,0,7.615773105863909,44.11830600182376
13.42,Software Engineering,12.0,3,5.984858203826033,0,9.643650760992957,66.0319125253865
10.0,Software Engineering,5.0,0,4.467823671082813,0,9.219544457292889,50.26603019054381
0.83,Software Engineering,9.0,0,5.225414632211153,0,7.14142842854285,37.099248893002624
10.92,Software Engineering,8.0,3,5.41595190173262,0,8.366600265340756,57.60112988028663
17.42,Software Engineering,13.0,3,6.038445162316914,0,9.591663046625438,70.31279656274982
17.75,Software Engineering,9.0,3,5.510751101850296,0,8.888194417315589,66.63710369915464
22.33,Software Engineering,7.0,4,4.580467250948633,0,5.916079783099616,61.84728078425319
6.0,Software Engineering,5.0,3,4.398218304929372,3,7.810249675906654,48.48801409683506
14.92,Software Engineering,8.0,0,5.785133218707459,0,10.0,61.587638480605605
0.0,Software Engineering,5.0,3,4.636268160820226,0,7.810249675906654,42.128309483336345
11.0,Software Engineering,3.0,4,3.087277509323655,0,6.324555320336759,46.78978683483755
14.5,Software Engineering,6.0,4,4.001003954889615,0,7.874007874011811,57.8489014950902
0.0,Software Engineering,8.0,4,6.105736993884493,0,10.677078252031311,56.929731591335674
7.0,Software Engineering,8.0,4,5.652205130798008,5,9.539392014169456,60.88148968017728
6.0,Software Engineering,5.0,3,4.636268160820226,0,7.810249675906654,48.368309483336354
0.0,Software Engineering,4.0,3,3.934791111422454,0,8.18535277187245,41.25119761837253
12.75,Software Engineering,4.0,0,4.215612414981198,0,9.797958971132712,54.04202244581344
14.67,Software Engineering,11.0,4,6.332227887134518,0,9.486832980505138,69.65278676866743
12.58,Software Engineering,8.0,4,5.163697874929577,0,8.18535277187245,60.12156305582575
17.25,Software Engineering,10.0,4,4.713314140666602,0,5.0990195135927845,54.89025034761947
10.0,Software Engineering,8.0,4,5.487363928770708,5,8.831760866327848,61.46431499204227
10.0,Software Engineering,7.0,0,5.284739577050866,5,8.94427190999916,53.12849116026797
11.0,Software Engineering,7.0,0,5.150202712835556,0,8.831760866327848,52.22826463472329
14.5,Software Engineering,10.0,3,6.444626877067655,0,10.04987562112089,69.3117402038495
10.08,Software Engineering,8.0,3,3.9753103186675727,0,3.605551275463989,38.779136239297856
16.5,Software Engineering,3.0,3,2.8056209963300662,0,10.246950765959598,61.40829550886908
0.0,Software Engineering,10.0,0,6.529321118327239,0,10.14889156509222,48.7499337792524
12.25,Software Engineering,8.0,0,5.496116650444511,0,8.426149773176359,53.37336803331154
7.42,Software Engineering,4.0,3,3.659493536806191,0,6.708203932499369,43.853925234113575
13.5,Software Engineering,5.0,0,4.246875251852215,0,7.874007874011811,49.32657273207542
0.0,Software Engineering,3.0,3,3.054378476022677,0,6.708203932499369,34.40160134415512
15.5,Software Engineering,6.0,1,4.91830687140971,5,9.797958971132712,62.27924505505542
13.5,Software Engineering,6.0,4,4.6040482346788725,0,7.681145747868608,57.83306682985345
10.5,Software Engineering,4.0,3,3.843415429507505,0,10.862780491200215,59.87763401671037
14.92,Software Engineering,8.0,0,5.715755616085492,0,10.0,61.40394425951271
6.0,Software Engineering,5.0,3,4.280040022558168,3,7.810249675906654,48.1751081054222
7.08,Software Engineering,3.0,3,3.054378476022677,0,6.708203932499369,41.76480134415512
8.0,Software Engineering,9.0,1,5.864885924193535,5,9.219544457292889,55.66842853484076
12.5,Software Engineering,4.0,0,3.72303252175623,3,8.0,47.890265216225366
19.75,Software Engineering,10.0,3,5.698433549363379,0,8.54400374531753,68.32558683840313
22.17,Software Engineering,11.0,3,5.315030116379086,0,6.4031242374328485,63.60501949073111
14.5,Software Engineering,4.0,3,3.843415429507505,0,10.862780491200215,64.03763401671037
14.5,Software Engineering,6.0,4,4.001003954889615,0,7.874007874011811,57.8489014950902
9.0,Software Engineering,8.0,4,5.480924411869006,5,8.426149773176359,59.20314285506503
13.25,Software Engineering,4.0,3,4.008889215693199,0,11.269427669584644,64.38296417840954
10.17,Software Engineering,7.0,3,5.310514574819178,0,10.488088481701515,62.70660522891211
8.0,Software Engineering,10.0,0,6.0470746877252495,5,8.306623862918075,51.57399931367974
11.67,Software Engineering,9.0,3,5.666831364957937,0,9.219544457292889,61.71083050697982
11.5,Software Engineering,9.0,0,5.944897583769958,0,10.198039027185567,59.17509794700024
7.0,Software Engineering,8.0,3,5.437349001304832,5,8.774964387392123,56.043278696667294
3.0,Software Engineering,4.0,3,3.933987620615934,0,7.810249675906654,43.25551615216394
18.5,Software Engineering,6.0,3,5.032923536731431,0,10.63014581273465,70.92320162432644
9.67,Software Engineering,5.0,3,3.2146428199482244,0,10.908712114635714,57.619293060718356
8.83,Software Engineering,13.0,3,6.034759543361369,0,9.69535971483266,61.677278263555195
0.0,Software Engineering,4.0,3,3.933987620615934,0,7.810249675906654,40.13551615216394
10.0,Software Engineering,6.0,4,3.34935468758045,0,4.898979485566356,42.61164870599396
4.92,Software Engineering,8.0,3,4.751054460077112,10,7.483314773547883,49.47847539023566
12.75,Software Engineering,1.0,3,2.123003480998152,0,10.770329614269007,56.98796603407988
14.25,Software Engineering,3.0,3,2.916996957031149,0,10.099504938362076,58.9254739696329
10.17,Software Engineering,8.0,0,5.323483914823469,0,9.486832980505138,53.901889659617474
0.0,Software Engineering,5.0,3,4.636268160820226,0,7.810249675906654,42.128309483336345
10.0,Software Engineering,5.0,3,4.693236617473138,0,10.862780491200215,61.741077404180324
11.42,Data Science,9.0,4,5.568537937423509,0,6.48074069840786,55.059993945469536
22.92,Data Science,7.0,3,4.89334557117289,0,8.06225774829855,67.66057825452795
17.0,Data Science,6.0,4,4.559641790513211,0,7.874007874011811,61.92803219735815
10.0,Data Science,7.0,4,4.374281981236887,0,7.483314773547883,53.130744497832445
18.5,Data Science,8.0,4,5.125076782238084,0,6.164414002968976,60.17662161956075
21.5,Data Science,8.0,0,4.986862691031602,0,4.0,48.50525392155394
3.33,Data Science,5.0,4,4.036994392360821,0,5.196152422706632,38.24441595154483
15.83,Data Science,10.0,4,5.450410289526289,0,5.830951894845301,57.53795251023924
11.33,Data Science,8.0,4,4.695730416209997,0,5.744562646538029,50.3366253436934
5.75,Data Science,5.0,4,3.934031223783757,0,7.681145747868608,47.86569910668958
22.67,Data Science,8.0,3,4.6953271441423485,0,6.0,60.88746455598886
12.25,Data Science,4.0,3,2.864889961003809,0,7.483314773547883,49.074258874203366
17.08,Data Science,7.0,3,4.624280259152666,0,5.744562646538029,53.99411019300715
3.33,Data Science,7.0,0,4.54769278972998,0,5.385164807134504,32.42439564043179
0.0,Data Science,4.0,4,4.070232629480285,0,7.3484692283495345,41.12538851122779
7.0,Data Science,6.0,3,4.483969286479871,0,4.795831523312719,40.18960781572536
20.5,Data Science,8.0,4,5.134914384898069,0,8.366600265340756,68.8202141166719
0.0,Data Science,8.0,4,4.819751570883755,0,5.196152422706632,37.25375759004926
9.0,Data Science,7.0,3,4.560802656252332,0,4.242640687119285,40.96414014115455
5.17,Data Science,6.0,0,4.0899107255016,0,4.795831523312719,31.243041113962597
23.5,Data Science,7.0,3,4.573416235366967,0,5.916079783099616,61.04541149090436
7.25,Data Science,5.0,4,4.294646340632113,0,8.18535277187245,51.877335942620064
15.0,Data Science,4.0,3,3.716833099906725,0,8.306623862918075,56.634113107536095
15.33,Data Science,5.0,3,4.290330677990631,0,7.54983443527075,56.38247050515589
3.25,Data Science,8.0,0,5.009741849099201,0,5.830951894845301,35.02130805268299
7.0,Data Science,7.0,4,4.202282422656057,0,7.483314773547883,49.55533347543106
13.25,Data Science,4.0,3,3.850748257635164,0,7.0,51.28976270143338
9.08,Data Science,4.0,3,3.7360980514868096,0,6.082762530298219,43.92643082033821
5.17,Data Science,6.0,0,3.4648899610038093,0,3.741657386773941,26.458659409949956
3.67,Data Science,6.0,0,4.333423409360572,0,4.795831523312719,30.327800677527424
14.25,Data Science,7.0,3,4.54769278972998,0,8.12403840463596,57.91198356860901
26.5,Data Science,7.0,0,4.892961460813145,0,5.656854249492381,56.68193306127618
13.75,Data Science,5.0,0,4.013544924397156,0,8.426149773176359,50.60789571748979
23.5,Data Science,6.0,4,4.351028286750292,0,4.795831523312719,58.9976139088488
5.83,Data Science,2.0,4,2.68132930627993,0,8.12403840463596,45.54686176524524
25.5,Data Science,7.0,0,4.982822361994193,0,8.246211251235321,64.6067856433427
11.75,Data Science,2.0,3,2.264889961003809,0,4.58257569495584,38.08763331881599
16.5,Data Science,6.0,4,4.20423776843154,0,6.0,54.90371830414048
18.33,Data Science,7.0,3,4.929092081659302,0,6.48074069840786,58.28663752120879
17.17,Data Science,8.0,4,4.997491516049406,0,6.48074069840786,59.39467513529897
4.67,Data Science,6.0,0,4.153141710368381,0,5.291502622129181,32.36194024252328
13.33,Data Science,9.0,3,5.780693464723342,0,9.69535971483266,65.15124266525831
8.75,Data Science,7.0,3,4.879837852393544,0,7.0,49.7345298366426
6.17,Data Science,6.0,0,3.629188150826927,0,4.0,28.700610875549216
5.0,Data Science,7.0,4,4.619748894498556,0,5.196152422706632,41.79086811083318
13.0,Data Science,3.0,3,3.1477813628961937,0,6.782329983125268,48.38896353304197
10.33,Data Science,1.0,4,1.7,0,5.656854249492381,40.170984368366724
11.33,Data Science,4.0,3,3.792034209000888,0,8.888194417315589,54.74291246174296
22.17,Data Science,6.0,3,4.222781541092109,0,5.385164807134504,57.02438007641851
2.92,Data Science,6.0,0,4.359657509487803,0,5.385164807134504,31.36679277807652
14.33,Data Science,2.0,4,2.547668380274021,0,7.211102550927978,51.32276438077534
19.5,Data Science,6.0,4,4.827708692547004,0,7.280109889280518,63.474723140599565
16.08,Data Science,8.0,4,4.678448027136791,0,7.416198487095663,60.19338652975596
8.17,Data Science,4.0,4,3.8584132836037455,0,7.3484692283495345,49.06134483426746
13.67,Data Science,7.0,3,4.946642314428614,0,7.874007874011811,57.62284434801158
15.08,Software Engineering,8.0,4,5.379822354795774,0,9.797958971132712,68.0810871725727
12.08,Software Engineering,6.0,4,4.482965471696101,0,6.4031242374328485,52.24165757390398
6.0,Software Engineering,6.0,3,4.507059448366115,0,5.477225575051661,41.233572803299396
4.0,Software Engineering,3.0,5,2.827553394987636,0,4.58257569495584,35.65075611354511
0.0,Software Engineering,2.0,0,2.582938218465689,0,9.0,33.823580473214975
0.0,Software Engineering,4.0,3,4.293797007816551,0,9.327379053088816,45.5920429642779
11.5,Software Engineering,9.0,3,5.552493667824234,0,9.327379053088816,61.5514177934363
12.5,Software Engineering,9.0,0,5.570300590333028,0,7.416198487095663,50.96491829333946
19.5,Software Engineering,8.0,3,5.062218960081514,0,10.954451150103322,73.27018779987885
19.5,Software Engineering,7.0,4,5.131379152140859,0,8.888194417315589,69.18595673664821
16.5,Software Engineering,6.0,3,4.441759628862635,0,5.916079783099616,53.28348499681674
18.75,Software Engineering,9.0,3,5.124871130596428,0,6.928203230275509,60.836841924962734
18.5,Software Engineering,8.0,0,5.190784299813172,0,7.0,54.83117016390001
0.0,Software Engineering,10.0,0,6.529963400619391,0,10.908712114635714,51.00728420450261
4.0,Software Engineering,5.0,3,3.383850826548761,0,5.291502622129181,35.49492058916072
4.0,Software Engineering,12.0,0,5.599991816606973,0,5.656854249492381,37.380636027673035
17.0,Software Engineering,8.0,3,5.192241612531644,0,8.717797887081348,64.37458878617245
14.83,Software Engineering,5.0,3,3.547848901306024,0,8.660254037844387,57.19302752218217
10.5,Software Engineering,6.0,3,5.064109198107416,0,9.899494936611664,60.516718366523854
16.08,Software Engineering,7.0,3,4.822190617233234,0,6.4031242374328485,55.43317269112092
0.0,Software Engineering,5.0,4,4.046698511597888,0,6.244997998398398,37.920577209480484
0.0,Software Engineering,5.0,3,3.383850826548761,0,5.291502622129181,31.334920589160728
0.0,Software Engineering,2.0,3,2.2244170509742585,0,5.744562646538029,29.21001700228589
0.0,Software Engineering,7.0,4,4.413568111707766,0,6.708203932499369,40.53372264376001
11.42,Software Engineering,6.0,3,4.731472016833038,0,8.426149773176359,56.2189171337552
10.83,Software Engineering,8.0,4,5.379822354795774,0,9.797958971132712,63.6610871725727
10.5,Software Engineering,8.0,3,5.276884975392111,0,8.306623862918075,56.61806645801394
17.25,Software Engineering,5.0,3,4.316562960561884,0,7.937253933193772,59.59884416045782
17.25,Software Engineering,11.0,4,5.78339516531288,0,7.810249675906654,65.90560961509647
25.17,Software Engineering,8.0,0,5.695537644075227,0,10.392304845413264,72.9982324134856
16.33,Software Engineering,6.0,3,4.565231273409195,0,7.615773105863909,58.479420173806005
19.92,Software Engineering,11.0,4,5.8036763293091695,0,6.855654600401044,65.90223955789705
17.5,Software Engineering,7.0,3,4.843273539590708,0,7.54983443527075,60.36998903340044
11.0,Software Engineering,6.0,3,4.5303404068850135,0,5.0,45.07849377772226
16.83,Software Engineering,8.0,3,5.386783453214976,0,8.366600265340756,63.67029925788919
20.5,Software Engineering,6.0,4,4.566201075809261,0,6.855654600401044,62.56225360802557
18.5,Software Engineering,7.0,4,5.089376451470154,0,6.855654600401044,62.00082208202344
0.0,Software Engineering,7.0,3,5.103504318421607,0,7.416198487095663,42.46229399283717
21.33,Software Engineering,6.0,0,4.701050085002046,0,7.937253933193772,58.993401469469994
18.5,Software Engineering,7.0,3,4.981132255202926,0,7.874007874011811,62.7373649265072
12.33,Software Engineering,3.0,3,3.396544505604449,0,7.416198487095663,50.23256584212634
10.58,Software Engineering,8.0,0,5.286568659283299,0,7.14142842854285,47.26783584727166
14.42,Software Engineering,9.0,4,4.797399682581775,0,5.656854249492381,53.69237647901172
11.17,Software Engineering,4.0,4,3.5989238622356554,0,6.0,47.49113458884317
18.08,Software Engineering,8.0,0,5.343426815202923,0,7.681145747868608,56.82061965616163
15.5,Software Engineering,3.0,4,2.5517277432393963,0,6.782329983125268,51.41076536454852
15.5,Software Engineering,8.0,1,4.568302052600105,0,5.744562646538029,48.33602749317948
13.42,Software Engineering,6.0,4,4.601673395271376,0,7.280109889280518,56.55303924517305
8.0,Software Engineering,8.0,3,5.404593263947351,0,10.295630140987,60.26089134991265
21.33,Software Engineering,6.0,3,4.0586259941951415,0,7.615773105863909,62.33805842808741
12.08,Software Engineering,10.0,0,6.054842019772494,0,8.306623862918075,54.58776523058181
0.0,Software Engineering,10.0,4,6.204315631396952,5,9.539392014169456,55.330004328495264
20.17,Software Engineering,5.0,3,3.6,0,6.082762530298219,55.23301117785087
0.0,Software Engineering,3.0,3,3.19282399706781,0,7.681145747868608,37.65650449102605
14.5,Software Engineering,6.0,4,4.668411243463652,4,10.14889156509222,67.36938507571107
0.0,Software Engineering,9.0,4,5.65769980440111,0,8.12403840463596,48.297666088543274
9.0,Software Engineering,5.0,3,4.831564612067979,0,7.745966692414834,51.814570341366554
12.0,Software Engineering,7.0,4,4.408194497792946,0,4.898979485566356,47.62852016760423
3.0,Software Engineering,5.0,3,3.383850826548761,0,5.291502622129181,34.45492058916073
2.67,Software Engineering,4.0,3,4.452204025625898,0,11.0,53.7537093982939
3.0,Software Engineering,1.0,3,0.3,0,5.385164807134504,26.03438703127577
11.0,Software Engineering,6.0,3,4.439082934935737,0,5.0,44.836867235508464
11.5,Software Engineering,6.0,0,4.843148454962346,0,8.54400374531753,50.94767641836296
18.92,Software Engineering,11.0,3,5.973020582355877,0,8.54400374531753,68.32275669709192
4.0,Software Engineering,5.0,3,3.383850826548761,0,5.291502622129181,35.49492058916072
13.67,Cybersecurity,8.0,3,4.322737135010702,0,4.69041575982343,46.65322911891781
14.5,Cybersecurity,6.0,4,3.8461960048707855,0,4.898979485566356,48.60715796744424
8.75,Cybersecurity,7.0,3,4.684415692116225,0,5.385164807134504,44.42320306228307
10.0,Cybersecurity,3.0,3,3.538574127930169,0,9.055385138137416,53.05161400556721
7.75,Cybersecurity,4.0,4,3.2352769684555964,0,4.898979485566356,39.70293329496698
4.83,Cybersecurity,7.0,0,4.874769889150754,0,6.0,36.675649906918785
36.5,Cybersecurity,8.0,4,4.305620996330067,0,5.0,61.31016068183913
4.75,Cybersecurity,4.0,3,3.232891885001017,0,5.744562646538029,37.086868168375915
8.33,Cybersecurity,5.0,0,3.250182352613294,0,3.605551275463989,28.639182077104902
0.0,Cybersecurity,3.0,1,2.669132629833298,9,6.324555320336759,30.492645696500755
0.0,Cybersecurity,3.0,3,3.183075160714047,0,6.557438524302,34.294785960107305
8.17,Cybersecurity,5.0,4,4.085810925497386,0,8.0,51.7309433620924
4.0,Cybersecurity,3.0,0,3.2046700009305105,0,8.12403840463596,37.16266796182064
13.83,Cybersecurity,6.0,4,4.42479553738995,0,7.14142842854285,56.099413449615426
10.0,Cybersecurity,9.0,0,5.515532233207699,0,7.071067811865476,47.195329570228786
14.25,Cybersecurity,5.0,3,3.5881810141669983,0,5.385164807134504,46.973986182139576
12.33,Cybersecurity,6.0,0,3.9428594367987153,0,4.47213595499958,37.339144264107006
11.25,Cybersecurity,4.0,0,1.2,0,2.6457513110645907,23.264967094871203
17.5,Cybersecurity,7.0,4,4.44318075491938,0,6.0,56.709711806313315
4.83,Cybersecurity,3.0,0,3.3124696491597128,0,6.782329983125268,34.328216168546575
8.5,Cybersecurity,10.0,3,6.067945829092627,11,9.38083151964686,62.83821942924016
6.33,Cybersecurity,3.0,0,2.0386035931884496,0,7.071067811865476,33.37250811393711
3.92,Cybersecurity,5.0,0,4.244481010729315,0,6.855654600401044,36.333887485271184
3.08,Cybersecurity,4.0,0,3.1916495967879,5,6.164414002968976,31.737265547927706
6.5,Cybersecurity,7.0,0,3.2772549813552008,0,2.8284271247461903,24.767311813523175
36.5,Cybersecurity,8.0,4,4.114183985484399,0,4.795831523312719,60.19717719060328
12.0,Cybersecurity,6.0,0,4.486395882645529,0,7.071067811865476,46.15043863755995
21.5,Cybersecurity,9.0,4,3.746744146854854,0,2.23606797749979,48.118552561548604
14.33,Cybersecurity,8.0,3,4.818523191384558,0,6.48074069840786,53.967212595269366
12.5,Cybersecurity,1.0,4,0.3,0,3.605551275463989,32.63131729292515
17.5,Cybersecurity,7.0,4,4.44318075491938,0,5.5677643628300215,55.426550617700705
0.0,Cybersecurity,5.0,4,3.7040099286031487,0,4.69041575982343,32.398197067727985
17.5,Cybersecurity,7.0,4,4.44318075491938,0,5.5677643628300215,55.426550617700705
14.5,Cybersecurity,3.0,4,2.8227371350107022,0,6.782329983125268,51.088329207184465
8.0,Cybersecurity,7.0,0,4.478427650854481,0,5.916079783099616,38.67390591294695
15.08,Cybersecurity,7.0,4,4.392266320772697,0,7.071067811865476,57.23774086609044
20.67,Cybersecurity,4.0,3,3.3970980982556007,0,6.6332495807108,56.7166548656461
22.5,Cybersecurity,8.0,4,4.740282810296163,0,6.48074069840786,64.25685199416937
18.17,Cybersecurity,10.0,3,4.66325528480196,0,4.795831523312719,52.81444480802039
19.92,Cybersecurity,8.0,3,4.913028467628271,0,6.928203230275509,61.35940317694939
9.0,Cybersecurity,4.0,0,3.3500347476501364,0,5.477225575051661,35.0233994262414
18.83,Cybersecurity,5.0,3,3.321053590221842,3,6.244997998398398,54.33245428126531
10.17,Cybersecurity,1.0,3,1.6291802454811593,10,8.602325267042627,49.06117738059824
10.0,Cybersecurity,4.0,4,2.9001470371492912,5,3.741657386773941,38.96989732236122
12.92,Cybersecurity,1.0,3,1.8329570921663887,28,9.591663046625438,59.89773530139185
20.83,Cybersecurity,9.0,3,5.135430528441377,0,5.0990195135927845,57.59777369500691
19.83,Cybersecurity,6.0,3,4.159918577671929,0,7.54983443527075,60.85050581313562
10.0,Cybersecurity,7.0,3,5.033261738486912,10,7.937253933193772,56.723146646086626
12.17,Cybersecurity,1.0,3,1.7803197688167898,0,9.16515138991168,50.712196446406644
6.0,Cybersecurity,4.0,0,3.781809372235939,0,8.602325267042627,42.32399102818613
5.92,Cybersecurity,5.0,4,3.754927676611792,0,7.14142842854285,45.96604063797236
11.75,Cybersecurity,4.0,3,3.7917978902908143,0,8.717797887081348,54.67323717288768
9.92,Cybersecurity,7.0,1,4.5466884399187215,0,6.244997998398398,43.82788985764703
11.5,Cybersecurity,2.0,3,2.3424450313069416,0,6.48074069840786,43.667988290725816
14.25,Cybersecurity,2.0,3,2.3417411097757865,0,6.708203932499369,47.20138577553158
8.25,Cybersecurity,4.0,3,3.3025750175630275,0,6.708203932499369,43.77209590320323
11.5,Software Engineering,8.0,3,4.86868680090102,0,9.16515138991168,59.12593906583964
3.83,Software Engineering,9.0,3,5.865504509794792,0,9.38083151964686,54.56207304471992
11.33,Software Engineering,6.0,4,4.791866432916747,4,7.483314773547883,56.48626843273609
13.0,Software Engineering,5.0,3,4.421243863311416,0,9.899494936611664,61.281241366070184
12.5,Software Engineering,4.0,4,4.077003093588937,0,8.774964387392123,58.37809588323022
9.5,Software Engineering,7.0,3,5.381893863232374,0,8.660254037844387,56.77257811216
16.33,Software Engineering,5.0,3,4.2425714701695965,0,10.583005244258365,66.30047294427736
16.25,Software Engineering,8.0,4,5.232130870856423,0,7.810249675906654,63.00600217177961
16.0,Software Engineering,5.0,3,3.269132629833297,0,8.94427190999916,58.51501067753381
12.5,Software Engineering,4.0,3,3.515478781961192,4,10.488088481701515,60.97700764956039
15.33,Software Engineering,8.0,0,5.842244020628328,0,10.3440804327886,63.18671158686476
21.08,Software Engineering,7.0,3,4.874545780230623,0,8.12403840463596,65.88060703717504
13.5,Software Engineering,6.0,3,4.865944211605817,0,9.643650760992957,62.352513264198556
15.25,Software Engineering,4.0,4,3.919894292004675,0,10.295630140987,65.33645329544163
18.58,Software Engineering,9.0,3,5.535507543159969,0,7.071067811865476,62.17141910322066
18.08,Software Engineering,9.0,4,5.750071797695949,0,10.63014581273465,74.78522755989268
12.5,Software Engineering,5.0,0,4.723587635333347,0,7.681145747868608,48.976243382466826
16.5,Software Engineering,8.0,3,5.845274169482707,0,10.488088481701515,70.83904576429921
20.5,Software Engineering,6.0,4,5.375919444809077,0,10.723805294763608,76.18941070235245
16.5,Software Engineering,5.0,3,4.312488167249743,0,7.54983443527075,57.65793789314571
10.75,Software Engineering,5.0,4,4.098495783872647,0,10.14889156509222,60.827060764283324
9.5,Software Engineering,7.0,3,5.153781921422317,0,7.681145747868608,53.26195494712922
12.5,Software Engineering,4.0,4,4.2398519389506175,0,9.797958971132712,61.84620253141667
12.5,Software Engineering,4.0,0,3.655014713214469,0,7.3484692283495345,45.02599722600467
0.0,Software Engineering,5.0,3,4.985019229030499,0,11.090536506409418,52.789773899508
20.5,Software Engineering,6.0,4,5.383003689014267,0,10.723805294763608,76.20816797663295
20.5,Software Engineering,6.0,4,5.364518585058114,0,10.723805294763608,76.15922412955959
14.75,Software Engineering,6.0,1,3.833640902069954,0,6.557438524302,47.75731834248534
7.0,Software Engineering,7.0,3,5.654747907051385,0,10.0,58.87227805147416
10.75,Software Engineering,5.0,4,4.098495783872647,0,10.14889156509222,60.827060764283324
20.17,Software Engineering,7.0,3,4.947944041983613,0,7.416198487095663,63.02721000242346
5.33,Software Engineering,5.0,0,4.488749499402807,0,10.677078252031311,49.79156055673449
9.0,Software Engineering,7.0,0,4.199999999999999,0,6.708203932499369,41.32824868029364
0.0,Software Engineering,9.0,3,5.3578408343643815,0,8.831760866327848,47.60470416124592
9.5,Software Engineering,4.0,3,3.4128150367615984,4,10.44030650891055,57.443331709727794
0.0,Software Engineering,6.0,4,4.683898799713152,4,7.14142842854285,43.402252893993946
3.08,Software Engineering,3.0,3,0.8999999999999999,0,5.196152422706632,27.411787134277198
12.5,Software Engineering,1.0,4,1.4772549813552005,0,9.0,51.7626795483176
0.0,Software Engineering,11.0,0,6.1587971354236295,0,10.677078252031311,49.47022133157965
0.0,Software Engineering,3.0,4,2.773370239296681,0,8.54400374531753,41.10743088100338
12.92,Software Engineering,6.0,3,5.555175864044861,0,11.090536506409418,67.86953678202882
3.17,Software Engineering,1.0,4,1.9382431235245008,0,9.0,43.28005873394137
20.5,Software Engineering,6.0,4,5.359726453430937,0,10.723805294763608,76.1465357855788
12.92,Software Engineering,4.0,3,4.460501450471267,0,11.180339887498947,64.97104690245664
11.5,Software Engineering,8.0,3,4.8047731744701085,0,9.16515138991168,58.956712062012166
0.0,Software Engineering,9.0,0,6.219918226383783,0,11.04536101718726,50.45869452146992
4.67,Software Engineering,1.0,4,1.3955592060513011,0,9.848857801796104,45.92314120967831
0.0,Software Engineering,3.0,3,2.3,0,9.797958971132712,41.57663534891538
0.58,Software Engineering,3.0,3,3.902213018847959,0,9.797958971132712,46.422087335134606
0.0,Software Engineering,3.0,3,3.3017205889880588,0,8.0,38.89140519413203
6.42,Software Engineering,13.0,4,6.494020540912338,0,11.0,66.25991947496479
15.42,Software Engineering,4.0,4,2.3772549813552004,0,10.295630140987,61.42873731495852
0.0,Software Engineering,2.0,4,2.978565634265742,0,8.717797887081348,42.03333862456991
0.0,Software Engineering,3.0,4,2.7291881508269267,0,8.366600265340756,40.46379712671414
0.0,Software Engineering,1.0,3,1.4772549813552005,0,4.898979485566356,24.588138845751836
0.0,Software Engineering,2.0,4,2.779554402704999,0,8.94427190999916,42.178732228905254
0.0,Software Engineering,3.0,3,2.3,0,9.797958971132712,41.57663534891538
9.25,Software Engineering,3.0,3,3.3017205889880588,0,8.0,48.511405194132024
6.42,Software Engineering,15.0,0,6.389296552135515,0,11.04536101718726,58.38396518697445
0.0,Software Engineering,13.0,3,6.271703415797913,0,8.888194417315589,50.725244943350866
11.67,Software Engineering,6.0,4,4.718119177989753,0,7.0,54.20980664364159
0.0,Software Engineering,2.0,4,2.3604068015561097,0,7.416198487095663,36.532603775355156
16.0,Software Engineering,6.0,3,3.823823233964599,0,9.591663046625438,62.03890843292098
13.5,Software Engineering,4.0,0,3.5323040266208103,0,5.385164807134504,39.91270481779336
4.33,Software Engineering,5.0,4,4.198125870797711,0,7.3484692283495345,46.100550572839076
12.17,Software Engineering,6.0,4,4.178229289249105,0,3.605551275463989,43.22334732275833
0.0,Software Engineering,5.0,3,3.110228643653844,0,2.6457513110645907,22.756099336554545
0.0,Software Engineering,4.0,3,3.17211927308288,0,2.6457513110645907,22.786636626250147
6.42,Software Engineering,4.0,3,2.8102286436538444,0,2.6457513110645907,28.505242413976593
15.5,Software Engineering,3.0,3,3.1772071863769,0,7.416198487095663,52.94861648657927
5.67,Software Engineering,6.0,0,4.178229289249105,0,3.605551275463989,28.463347322758334
12.5,Software Engineering,4.0,3,3.123218535586692,0,5.656854249492381,44.59610455325569
3.0,Software Engineering,6.0,0,3.652640986472171,0,5.0,28.43456926472143
19.5,Software Engineering,4.0,4,3.3337376326163666,0,4.0,49.5148664886519
11.0,Software Engineering,9.0,4,5.30405128479101,0,6.164414002968976,52.98383385039779
6.42,Software Engineering,4.0,3,2.8102286436538444,0,2.6457513110645907,28.505242413976593
0.0,Software Engineering,4.0,3,2.8102286436538444,0,2.6457513110645907,21.828442413976592
15.17,Software Engineering,8.0,3,4.752198181455657,0,5.0,50.269383323718195
0.0,Software Engineering,4.0,3,2.8102286436538444,0,2.6457513110645907,21.828442413976592
18.5,Software Engineering,6.0,3,4.157924168370223,0,3.605551275463989,47.75278453443647
0.0,Software Engineering,5.0,3,3.110228643653844,0,2.6457513110645907,22.756099336554545
5.08,Software Engineering,5.0,0,3.430471477379905,0,4.69041575982343,28.957136919821117
0.0,Software Engineering,5.0,3,3.110228643653844,0,2.6457513110645907,22.756099336554545
11.0,Software Engineering,5.0,4,3.930858379935606,0,4.0,42.38922347272872
8.75,Software Engineering,6.0,4,4.178229289249105,0,3.605551275463989,39.66654732275833
14.5,Software Engineering,6.0,3,3.77211927308288,0,3.605551275463989,42.57127143719384
22.92,Software Engineering,4.0,3,3.3110822145017007,0,7.280109889280518,60.74921584865166
2.92,Software Engineering,2.0,3,2.763787228324721,0,6.782329983125268,36.75571153563632
16.5,Software Engineering,5.0,4,3.982473382511575,0,7.483314773547883,58.5866684563778
4.0,Software Engineering,9.0,3,5.10562180462902,0,3.872983346207417,36.375961720736456
16.17,Software Engineering,8.0,4,4.57668539825435,0,3.1622776601683795,47.3890950717013
12.33,Software Engineering,6.0,0,4.087261908994946,0,5.656854249492381,41.23851252843281
12.5,Software Engineering,12.0,4,5.351229812130544,0,4.795831523312719,51.005892794208755
18.5,Software Engineering,6.0,4,4.6293853280520505,0,6.48074069840786,59.53655704038824
8.0,Software Engineering,6.0,4,4.28748028124414,0,4.69041575982343,42.39641128348671
11.33,Software Engineering,3.0,3,3.215575901592622,0,5.656854249492381,43.49051000145239
3.33,Software Engineering,6.0,4,4.475630533114378,0,5.916079783099616,41.676366524270755
4.0,Software Engineering,6.0,0,4.308424165819783,0,5.656854249492381,33.160893853921294
7.0,Software Engineering,7.0,4,4.705404675090563,0,5.916079783099616,46.23488326150451
14.5,Software Engineering,7.0,4,4.805164557017864,0,7.0,57.516813969964154
20.5,Software Engineering,7.0,4,4.663513577263095,0,6.0,60.41309700055484
11.5,Software Engineering,7.0,4,4.50562180462902,0,3.872983346207417,44.32064787558054
15.08,Software Engineering,7.0,3,4.177482658388309,0,5.744562646538029,50.73110394665706
3.17,Software Engineering,8.0,4,4.6772071863769,0,3.605551275463989,35.451180370092615
4.75,Software Engineering,5.0,4,3.47211927308288,0,4.123105625617661,35.040058060694086
18.67,Software Engineering,8.0,3,5.025090107484398,0,6.082762530298219,57.8462868084309
4.25,Software Engineering,7.0,4,4.432117167028161,0,5.0,39.931756989621164
19.75,Software Engineering,9.0,4,4.67211927308288,0,6.082762530298219,60.16824327482929
12.5,Software Engineering,7.0,0,3.4540354941873685,0,3.741657386773941,34.18645287981338
16.92,Software Engineering,9.0,3,5.078229289249105,2,5.0,53.585963989544496
4.25,Software Engineering,4.0,3,2.8102286436538444,0,3.1622776601683795,27.781834173169052
8.0,Software Engineering,7.0,4,4.3772071863769,0,2.6457513110645907,36.697402481726854
14.5,Software Engineering,8.0,4,5.142571470169596,0,5.291502622129181,53.471564902892425
5.0,Software Engineering,4.0,3,2.8102286436538444,0,2.6457513110645907,27.02844241397659
7.33,Software Engineering,9.0,0,4.937630414732974,0,4.898979485566356,36.44019829366697
14.5,Software Engineering,7.0,0,4.448276085672018,0,4.123105625617661,40.03133933749873
16.08,Software Engineering,9.0,3,4.82532112231024,0,6.082762530298219,54.757082750686585
15.5,Software Engineering,8.0,4,4.790969704196892,0,4.0,49.74657918685262
12.0,Software Engineering,5.0,4,3.959696988083881,0,5.0,46.47424201571914
3.17,Software Engineering,7.0,4,4.608627530947609,0,4.242640687119285,37.027568228231644
0.0,Software Engineering,4.0,3,2.8102286436538444,0,2.6457513110645907,21.828442413976592
0.0,Software Engineering,4.0,3,2.8102286436538444,0,2.6457513110645907,21.828442413976592
6.0,Software Engineering,7.0,3,4.492209553275837,0,4.58257569495584,38.67167496191058
18.5,Software Engineering,4.0,4,2.8102286436538444,0,2.6457513110645907,43.06844241397659
6.42,Software Engineering,4.0,3,2.8102286436538444,0,2.6457513110645907,28.505242413976593
0.0,Software Engineering,4.0,3,2.8102286436538444,0,2.6457513110645907,21.828442413976592
21.17,Software Engineering,8.0,3,5.051435323214375,0,5.830951894845301,59.768501752707145
0.0,Software Engineering,4.0,3,2.8102286436538444,0,2.6457513110645907,21.828442413976592
8.0,Software Engineering,6.0,4,4.20562180462902,0,4.242640687119285,40.850378378179926
8.75,Software Engineering,6.0,4,4.178229289249105,0,3.605551275463989,39.66654732275833
0.0,Software Engineering,4.0,3,2.8102286436538444,0,2.6457513110645907,21.828442413976592
0.0,Software Engineering,4.0,3,2.8102286436538444,0,2.6457513110645907,21.828442413976592
4.0,Software Engineering,5.0,4,3.918523191384558,0,4.0,35.07656303524913
12.42,Software Engineering,7.0,4,4.9107511018502965,0,9.1104335791443,61.89834264281436
16.0,Software Engineering,7.0,3,4.347312006763774,0,5.291502622129181,50.79258706504822
2.5,Software Engineering,8.0,4,4.597693880497545,0,4.358898943540674,36.78028342128332
3.0,Software Engineering,7.0,4,4.601463221688915,0,4.898979485566356,38.78024652245014
3.0,Software Engineering,4.0,3,2.8102286436538444,0,2.6457513110645907,24.948442413976593
6.0,Software Engineering,10.0,4,5.035276968455596,0,3.872983346207417,40.403039844889456
12.0,Software Engineering,7.0,4,4.514447433642044,0,3.872983346207417,44.8640158932971
3.0,Software Engineering,4.0,0,3.319103141540056,0,3.872983346207417,23.93904866501204
12.0,Software Engineering,4.0,4,3.4772071863769,0,2.6457513110645907,38.074431713993
3.0,Software Engineering,3.0,0,2.3418370007349822,0,4.242640687119285,22.315550928150955
0.0,Software Engineering,7.0,3,3.7244170509742585,0,5.385164807134504,32.78137117461026
3.0,Software Engineering,4.0,0,1.2,0,0.0,6.830627690311809
18.08,Software Engineering,9.0,3,5.251244859258147,0,6.48074069840786,59.1462826898336
2.5,Software Engineering,4.0,0,3.695487689938124,0,6.48074069840786,32.157167294075826
4.0,Software Engineering,7.0,3,3.2772549813552008,0,4.242640687119285,32.365632820851644
0.0,Software Engineering,5.0,3,1.5,0,5.385164807134504,26.625014721587583
6.0,Software Engineering,10.0,3,4.624417050974259,0,5.385164807134504,41.80434194234412
15.67,Software Engineering,3.0,3,2.649299579607568,0,6.244997998398398,48.250754091929984
0.0,Software Engineering,5.0,4,4.42670422476704,0,8.0,44.136741992176766
6.0,Software Engineering,5.0,3,1.5,0,5.385164807134504,32.86501472158758
3.08,Software Engineering,6.0,0,3.241837000734982,0,4.242640687119285,25.181721695884814
10.58,Software Engineering,9.0,3,5.178827466824035,0,8.426149773176359,56.929800422771834
14.42,Software Engineering,6.0,3,3.548969392724884,0,4.898979485566356,45.736977602848405
11.75,Software Engineering,4.0,3,3.102296179751173,0,6.782329983125268,47.10186368659796
4.0,Software Engineering,7.0,3,3.2772549813552008,0,4.242640687119285,32.365632820851644
3.0,Software Engineering,4.0,0,1.2,0,4.242640687119285,19.42559071229722
0.0,Software Engineering,5.0,3,1.5,0,5.385164807134504,26.625014721587583
3.0,Software Engineering,4.0,0,1.2,0,0.0,6.830627690311809
6.0,Software Engineering,10.0,3,4.624417050974259,0,5.385164807134504,41.80434194234412
11.33,Software Engineering,6.0,0,3.241837000734982,0,4.242640687119285,33.76172169588481
3.0,Software Engineering,4.0,0,1.2,0,0.0,6.830627690311809
0.0,Software Engineering,9.0,3,4.324417050974258,0,5.385164807134504,34.63668501976617
23.5,Software Engineering,4.0,0,1.2,0,2.6457513110645907,36.0049670948712
6.0,Software Engineering,9.0,3,4.324417050974258,0,5.385164807134504,40.87668501976617
6.0,Software Engineering,7.0,3,3.7244170509742585,0,5.385164807134504,39.02137117461026
6.0,Software Engineering,7.0,3,3.7244170509742585,0,5.385164807134504,39.02137117461026
3.0,Software Engineering,7.0,3,3.5418370007349824,0,4.242640687119285,32.026178618462765
6.5,Software Engineering,2.0,3,0.6,0,4.898979485566356,29.15872442750922
11.92,Software Engineering,8.0,3,4.897539892186379,0,6.557438524302,51.89771855722869
0.0,Software Engineering,6.0,3,3.424417050974258,0,5.385164807134504,31.853714252032308
6.0,Software Engineering,7.0,3,3.7244170509742585,0,5.385164807134504,39.02137117461026
21.5,Software Engineering,7.0,0,3.344795587027246,0,3.1622776601683795,41.53723128367533
0.0,Software Engineering,6.0,3,3.424417050974258,0,5.385164807134504,31.853714252032308
0.0,Software Engineering,7.0,3,3.7244170509742585,0,5.385164807134504,32.78137117461026
11.33,Software Engineering,6.0,0,3.241837000734982,0,4.242640687119285,33.76172169588481
15.0,Software Engineering,13.0,0,4.329180245481159,0,3.605551275463989,39.49956034060551
0.0,Software Engineering,2.0,0,0.6,0,0.0,1.8553138451559046
6.0,Software Engineering,7.0,3,3.7244170509742585,0,5.385164807134504,39.02137117461026
11.33,Software Engineering,4.0,0,2.6418370007349825,0,4.242640687119285,31.906407850728915
0.0,Software Engineering,7.0,3,3.7244170509742585,0,5.385164807134504,32.78137117461026
3.0,Software Engineering,7.0,3,3.813314140666603,0,4.242640687119285,32.744980939090595
0.0,Software Engineering,6.0,3,3.734130986110377,2,4.47213595499958,30.463284490346243
6.0,Software Engineering,5.0,3,1.5,0,5.385164807134504,32.86501472158758
0.0,Software Engineering,8.0,3,4.024417050974258,0,5.385164807134504,33.70902809718822
20.5,Software Engineering,7.0,3,4.998094743828942,0,7.874007874011811,64.86227727600034
17.83,Software Engineering,6.0,3,2.9772549813552,0,5.0990195135927845,48.363474539068704
0.0,Software Engineering,0.0,0,0.0,0,0.0,0.0
0.0,Software Engineering,6.0,3,4.613506340628747,0,7.615773105863909,41.624040256022205
14.92,Software Engineering,4.0,3,3.288181014166998,0,4.898979485566356,45.29980973321712
0.0,Software Engineering,5.0,3,1.5,0,5.385164807134504,26.625014721587583
0.0,Software Engineering,7.0,3,3.7244170509742585,0,5.385164807134504,32.78137117461026
12.5,Software Engineering,5.0,3,1.5,0,0.0,23.638284612889763
0.0,Software Engineering,7.0,3,4.019733454367412,0,5.385164807134504,33.5632937929638
0.0,Blockchain,1.0,4,2.113014044877945,4,8.888194417315589,41.114094717808875
0.0,Blockchain,0.0,0,0.0,0,5.656854249492381,16.79328402931388
0.83,Blockchain,10.0,0,5.908004916628846,0,7.615773105863909,40.44807610655703
10.0,Blockchain,7.0,3,4.960670195702146,0,9.38083151964686,58.31643557791404
7.08,Blockchain,8.0,4,5.392842694254824,0,9.433981132056603,58.715034807010845
7.5,Blockchain,8.0,4,5.622456296628948,8,8.774964387392123,59.80339566739134
12.0,Blockchain,6.0,4,4.3030824207410525,0,7.14142842854285,53.873948117366425
10.0,Blockchain,6.0,1,4.9949415090362,0,10.295630140987,56.989571175574696
0.0,Blockchain,4.0,3,3.522997102003976,0,7.615773105863909,38.469982880926054
8.0,Blockchain,6.0,4,5.064033042823924,0,10.198039027185567,60.80279300099167
9.17,Blockchain,7.0,4,5.3161604747150495,0,9.38083151964686,60.394483292471044
4.08,Blockchain,1.0,3,0.3,0,4.58257569495584,24.774971831165104
3.75,Blockchain,3.0,4,3.213351808937316,7,5.477225575051661,38.81816448468517
0.0,Blockchain,5.0,4,4.267864308845587,0,9.1104335791443,47.01267549315615
0.0,Blockchain,2.0,4,2.57470845947085,0,5.744562646538029,32.13749943188111
7.0,Blockchain,9.0,4,6.025503544371699,4,8.888194417315589,59.82003705820809
6.0,Blockchain,9.0,3,5.66349064282254,4,8.774964387392123,55.48537749789401
10.0,Blockchain,6.0,0,4.660670195702147,0,9.38083151964686,51.38877865533608
10.0,Blockchain,5.0,3,3.847176314854344,0,8.94427190999916,53.80552312628749
3.75,Blockchain,2.0,4,2.4416287877619505,4,4.47213595499958,32.90773453935063
10.0,Blockchain,5.0,3,4.397417859276579,0,9.848857801796104,57.94783167579471
36.5,Blockchain,9.0,4,4.906144649156582,0,4.47213595499958,61.46647815526156
4.0,Data Science,2.0,0,1.6955592060513012,0,5.385164807134504,24.902805689789236
0.0,Data Science,3.0,3,2.660406801556109,0,7.416198487095663,35.4602606979331
4.92,Data Science,5.0,1,3.158241848297848,0,4.0,28.020331684327953
10.0,Data Science,7.0,4,4.929601830384147,0,8.888194417315589,58.77170178182834
8.17,Data Science,2.0,4,0.6,0,8.0,42.10140387619509
14.5,Data Science,7.0,4,4.430493958283596,0,8.717797887081348,61.62434168343585
6.75,Data Science,4.0,3,4.307580697510433,0,9.273618495495704,52.488941779533185
17.5,Data Science,5.0,4,4.547937071616085,0,10.198039027185567,69.18296898684336
18.5,Data Science,2.0,5,2.7676724084236053,0,10.246950765959598,67.25448398036032
15.0,Data Science,4.0,4,2.9133141406666025,0,7.483314773547883,54.06247376818995
4.83,Data Science,3.0,3,2.6133141406666027,0,8.831760866327848,44.56109651419363
5.0,Data Science,3.0,3,2.6133141406666027,0,8.831760866327848,44.73789651419363
4.75,Data Science,7.0,4,5.127043727162178,0,11.04536101718726,60.23837453875118
6.0,Data Science,5.0,0,5.187543692111571,0,10.488088481701515,51.777542985829164
17.0,Data Science,4.0,4,4.068448482571061,4,8.602325267042627,63.52293838465039
4.67,Data Science,1.0,3,1.9102286436538445,0,7.3484692283495345,37.863048115213324
8.75,Data Science,3.0,4,2.5869896845873583,0,6.928203230275509,44.91717826072524
0.0,Data Science,5.0,3,4.138201165800227,0,6.708203932499369,37.537954440984656
10.83,Data Science,3.0,4,2.112435565298214,0,3.0,34.16237509589191
0.0,Data Science,7.0,3,4.244721488198614,0,7.745966692414834,41.167425886448434
6.0,Data Science,4.0,4,3.6197515708837535,0,7.211102550927978,45.764834273888496
13.5,Data Science,3.0,3,2.7614035639307457,0,9.486832980505138,55.9146867921034
0.0,Data Science,5.0,5,4.895802573119107,0,10.677078252031311,55.32613341849243
20.33,Data Science,7.0,3,4.905696788449298,0,9.746794344808963,70.00049965679291
0.0,Data Science,3.0,3,2.968265116291723,0,10.099504938362076,44.241218997225644
9.08,Data Science,3.0,4,3.0096308370215032,0,7.874007874011811,49.187197984204786
4.5,Data Science,5.0,4,3.705633601220973,0,7.54983443527075,45.57114156968752
0.0,Data Science,3.0,3,2.660406801556109,0,9.1104335791443,40.48987077066153
10.75,Data Science,3.0,3,3.445969418505797,0,8.48528137423857,51.89397536708655
0.0,Data Science,3.0,3,2.660406801556109,0,9.1104335791443,40.48987077066153
12.0,Data Science,4.0,4,2.9133141406666025,0,7.483314773547883,50.942473768189956
8.5,Data Science,6.0,0,4.942695013867393,0,8.06225774829855,46.66110967602233
0.0,Data Science,4.0,4,2.9133141406666025,0,6.708203932499369,36.161432246906976
1.0,Data Science,4.0,4,3.978374800435642,0,6.164414002968976,38.40711350629663
4.0,Data Science,3.0,4,2.44935468758045,0,8.831760866327848,45.26377364330703
12.0,Data Science,4.0,4,3.1048385732578376,0,6.708203932499369,49.14854016265334
5.0,Data Science,3.0,4,3.582903757043831,0,10.583005244258365,54.503974192281206
10.0,Data Science,7.0,4,5.065345527014595,0,9.848857801796104,61.98300068377287
8.83,Data Science,6.0,4,5.171241235661034,0,10.63014581273465,63.23263166122583
5.0,Data Science,5.0,4,4.555575328223689,0,9.16515138991168,53.13689963647055
8.67,Software Engineering,4.0,3,4.260885835715827,0,10.44030650891055,57.825607179590705
18.17,Software Engineering,10.0,4,5.683484068237022,0,7.3484692283495345,65.09366742185212
10.5,Software Engineering,5.0,3,4.503088472175369,0,10.862780491200215,61.75761354664322
11.0,Software Engineering,6.0,3,4.885174602881378,0,10.63014581273465,62.732000079516965
6.42,Software Engineering,6.0,3,3.679744729997856,0,5.477225575051661,39.479854148202136
22.17,Software Engineering,11.0,3,5.315030116379086,0,6.4031242374328485,63.60501949073111
5.5,Software Engineering,8.0,4,5.421919813563733,14,10.954451150103322,65.16258404318668
3.25,Software Engineering,8.0,3,5.377821729981733,4,9.746794344808963,54.620699583892744
14.33,Software Engineering,10.0,3,6.2971725446662425,0,11.224972160321824,72.23298225413448
5.0,Software Engineering,6.0,4,1.7999999999999998,0,3.1622776601683795,28.15367269921957
14.75,Software Engineering,11.0,0,6.334023043643528,5,10.63014581273465,66.38484839197585
4.08,Software Engineering,5.0,4,4.605493539530968,4,10.246950765959598,56.523766237863015
11.5,Software Engineering,11.0,4,6.749861347595395,0,11.31370849898476,72.88514836704609
1.33,Software Engineering,6.0,3,5.194710632730907,0,10.198039027185567,52.21199397515418
16.5,Software Engineering,13.0,3,6.187395424965445,0,10.583005244258365,72.69333809168522
14.33,Software Engineering,10.0,3,6.388508566081274,0,11.224972160321824,72.47481677532684
7.42,Software Engineering,3.0,3,3.054378476022677,0,6.708203932499369,42.11840134415512
14.67,Software Engineering,11.0,4,6.332227887134518,0,9.486832980505138,69.65278676866743
4.92,Software Engineering,8.0,3,4.932504901002986,0,8.54400374531753,50.60773619483345
12.92,Software Engineering,6.0,4,4.6717880194182495,5,7.874007874011811,59.231766847571805
8.0,Software Engineering,5.0,4,3.164889961003809,0,4.0,37.24113419348229
14.33,Software Engineering,10.0,3,6.129105980264027,0,10.295630140987,69.02908315417274
7.33,Software Engineering,4.0,3,3.933987620615934,0,7.810249675906654,47.75871615216394
14.83,Software Engineering,5.0,3,3.419435597627364,0,9.327379053088816,58.833489985483034
9.5,Software Engineering,9.0,4,5.785529797468417,0,8.246211251235321,58.87881714754013
7.08,Software Engineering,4.0,3,3.933987620615934,0,7.810249675906654,47.49871615216394
4.75,Software Engineering,11.0,3,6.259412941311032,5,10.099504938362076,60.21200684090551
6.0,Software Engineering,6.0,0,5.326137232327413,5,10.770329614269007,54.36571502803467
0.0,Software Engineering,4.0,0,3.7589376671208585,0,7.3484692283495345,32.301158738510765
14.33,Software Engineering,10.0,3,5.998476753750706,0,9.539392014169456,66.43819540816843
6.0,Software Engineering,7.0,4,4.556161511524445,0,7.810249675906654,50.42287414603307
12.25,Software Engineering,8.0,0,5.496116650444511,0,8.426149773176359,53.37336803331154
3.0,Software Engineering,3.0,3,3.054378476022677,0,6.708203932499369,37.52160134415512
0.0,Software Engineering,0.0,3,0.0,0,6.4031242374328485,25.00870682744617
3.42,Software Engineering,8.0,3,5.669642369082671,0,11.135528725660045,58.69284825714396
6.0,Software Engineering,6.0,0,5.326137232327413,5,10.770329614269007,54.36571502803467
18.75,Software Engineering,11.0,0,5.562690434198897,0,7.874007874011811,59.070516193489354
8.17,Software Engineering,8.0,4,5.2968446665555255,5,7.0,53.618791001191305
2.0,Software Engineering,3.0,1,3.27973630406984,0,10.392304845413264,44.01513910916881
0.0,Software Engineering,9.0,4,6.113826677257865,0,9.591663046625438,53.86225428111847
18.67,Software Engineering,9.0,3,5.16832927627231,0,7.54983443527075,62.71412049828539
3.17,Software Engineering,8.0,4,5.428065393938853,4,10.0,57.42221382669238
4.0,Software Engineering,8.0,3,5.911889298578371,10,11.090536506409418,62.30388976753025
5.0,Software Engineering,7.0,3,3.2772549813552008,0,4.795831523312719,35.047869022260514
6.0,Software Engineering,4.0,3,3.878042098138972,0,7.810249675906654,46.22738665811039
13.33,Software Engineering,2.0,3,2.4913687924557246,0,8.06225774829855,50.66048886735177
6.0,Software Engineering,5.0,3,4.484688684749966,0,7.810249675906654,47.96696563837653
13.0,Software Engineering,6.0,3,4.779228250144925,0,8.831760866327848,59.1926854123149
13.5,Software Engineering,5.0,0,4.246875251852215,0,7.874007874011811,49.32657273207542
0.0,Software Engineering,5.0,3,4.680768699320941,0,10.0,48.7467625176939
4.0,Software Engineering,5.0,3,3.8674316980062735,4,9.486832980505138,50.229834249651404
0.0,Software Engineering,5.0,3,4.636268160820226,0,7.810249675906654,42.128309483336345
3.92,Software Engineering,7.0,3,5.038368160498255,4,8.18535277187245,49.64998856047211
3.92,Data Science,8.0,4,4.754509962710401,0,5.385164807134504,41.71892817096258
0.0,Data Science,8.0,0,5.043804769900106,0,5.5677643628300215,30.950183362254062
5.75,Data Science,5.0,4,3.934031223783757,0,7.681145747868608,47.86569910668958
7.0,Data Science,8.0,4,4.84769278972998,0,3.741657386773941,40.28983576372125
14.5,Data Science,5.0,4,4.030464377126313,0,5.5677643628300215,50.94711610253862
19.33,Data Science,13.0,3,5.550104417746876,0,5.744562646538029,59.58545675522027
0.0,Data Science,1.0,4,0.3,0,6.324555320336759,27.70311925008166
12.0,Data Science,6.0,4,4.449448597032245,0,6.782329983125268,53.19544683111218
0.0,Data Science,3.0,0,2.20284680274294,0,3.4641016151377544,16.516321507398246
13.08,Data Science,6.0,3,4.445591280091396,0,5.477225575051661,48.434020749805164
8.5,Data Science,6.0,0,3.7205492948159895,0,5.291502622129181,35.19974570851802
3.17,Data Science,10.0,4,5.3545099627104005,0,6.244997998398398,45.34679549582351
11.5,Data Science,7.0,4,4.298099487197463,0,5.196152422706632,47.699222405213824
5.08,Data Science,8.0,0,4.84769278972998,0,5.385164807134504,35.17205256300975
0.0,Data Science,2.0,4,2.7,0,6.708203932499369,35.329964067403886
12.5,Data Science,4.0,3,2.3772549813552004,0,2.8284271247461903,34.224341045789316
6.0,Data Science,7.0,4,4.573416235366967,0,4.0,39.15721967947393
9.92,Data Science,5.0,3,4.492425631047636,0,9.591663046625438,57.352663952349495
7.0,Data Science,7.0,4,4.202282422656057,0,7.483314773547883,49.55533347543106
6.92,Data Science,7.0,3,4.376151795291286,0,9.055385138137416,52.59943966893194
15.0,Data Science,4.0,3,3.716833099906725,0,8.306623862918075,56.634113107536095
7.25,Data Science,5.0,4,4.184903065659629,0,8.18535277187245,51.58676370238139
14.5,Data Science,7.0,3,4.286299687237322,0,8.831760866327848,59.58086946121504
4.5,Data Science,9.0,0,5.183279719460993,0,4.47213595499958,32.88026123442743
8.42,Data Science,3.0,3,3.19677681074818,0,5.916079783099616,41.183887594708224
7.0,Data Science,7.0,4,5.06269238030136,0,7.745966692414834,52.61320446949069
3.17,Data Science,9.0,3,5.686526418719286,0,8.306623862918075,50.21282599657057
4.5,Data Science,9.0,0,5.119751570883754,0,6.6332495807108,39.1276691636551
9.08,Data Science,4.0,3,3.723297488071987,0,6.782329983125268,45.9693169804346
6.0,Data Science,5.0,0,4.161168169934869,0,5.477225575051661,34.18440746405967
7.0,Software Engineering,13.0,0,6.4429791141329,0,11.269427669584644,59.52781426065184
14.5,Software Engineering,11.0,3,6.169689133208431,0,9.797958971132712,67.96925322075211
11.0,Software Engineering,10.0,3,6.113278210158753,0,8.660254037844387,60.66909757738632
3.0,Software Engineering,1.0,3,0.3,0,4.69041575982343,23.97191245335341
11.5,Software Engineering,9.0,0,5.698234022501662,0,7.745966692414834,51.242623530647236
0.0,Software Engineering,6.0,3,4.753655899560453,0,8.660254037844387,45.09583066481463
9.5,Software Engineering,8.0,3,5.274468870464807,0,7.3484692283495345,52.72723268868537
18.08,Software Engineering,8.0,0,5.343426815202923,0,7.681145747868608,56.82061965616163
15.17,Software Engineering,2.0,3,2.55447114238692,9,6.324555320336759,49.832517948978975
16.33,Software Engineering,7.0,4,4.340288806535543,0,5.196152422706632,52.83412897709519
0.0,Software Engineering,2.0,3,1.8124355652982136,0,4.47213595499958,24.341791143364688
6.0,Software Engineering,5.0,3,3.383850826548761,0,5.291502622129181,37.574920589160726
16.83,Software Engineering,12.0,4,6.089541309853736,0,11.135528725660045,76.28436703632156
18.25,Software Engineering,10.0,3,5.819368957446527,0,6.6332495807108,61.41341114229672
5.0,Software Engineering,4.0,4,3.616377266429813,0,5.916079783099616,40.87141606139393
7.5,Software Engineering,5.0,3,4.460400806038062,0,7.810249675906654,49.462657521731266
0.0,Software Engineering,0.0,3,0.0,0,5.477225575051661,22.26002734341591
7.0,Software Engineering,10.0,3,5.79183385977317,0,8.717797887081348,55.82882300587958
11.58,Software Engineering,4.0,3,3.38481397824145,0,4.58257569495584,41.14277353566084
16.5,Software Engineering,7.0,0,5.072875432878231,0,8.717797887081348,57.405204211983396
10.5,Software Engineering,6.0,0,4.285300811768538,0,5.477225575051661,39.326412416072124
18.08,Software Engineering,8.0,0,5.120021978157615,0,7.681145747868608,56.229100549440176
11.5,Software Engineering,4.0,0,4.104968385062584,0,8.246211251235321,47.8424519040461
8.58,Software Engineering,8.0,3,5.467279452573205,0,8.54400374531753,55.830082998966574
9.75,Software Engineering,6.0,4,4.459366497769583,0,6.324555320336759,49.522729001722176
9.92,Software Engineering,5.0,3,3.843491990657744,0,6.082762530298219,45.21771595108945
19.58,Software Engineering,6.0,4,4.7099991042885065,0,7.810249675906654,64.82006357551674
12.0,Software Engineering,10.0,3,5.849381259626325,0,7.071067811865476,56.29261009333101
3.0,Software Engineering,8.0,3,5.306698115850431,0,7.071067811865476,45.22905668470894
9.5,Software Engineering,5.0,4,4.455969923297195,0,5.916079783099616,47.90777690374834
0.0,Software Engineering,11.0,0,5.599991816606973,0,5.656854249492381,33.0873026943397
4.0,Software Engineering,5.0,3,3.383850826548761,0,5.291502622129181,35.49492058916072
12.08,Software Engineering,5.0,3,4.211088342345192,0,6.928203230275509,50.94724451111714
0.0,Software Engineering,1.0,0,2.0146428199482243,0,8.06225774829855,29.40170658212415
9.5,Software Engineering,7.0,3,5.129765779295023,0,7.3484692283495345,52.210762426176125
15.5,Software Engineering,3.0,4,2.5517277432393963,0,6.244997998398398,49.81560872101947
0.0,Software Engineering,8.0,3,5.298214356397429,0,7.071067811865476,42.08659385051228
0.0,Software Engineering,3.0,4,3.113594362117865,0,11.0,49.299278623243126
0.0,Software Engineering,10.0,4,6.204315631396952,5,9.539392014169456,55.330004328495264
14.67,Software Engineering,3.0,3,4.06285219165861,0,10.954451150103322,64.93425247166061
9.5,Software Engineering,8.0,3,5.24214494235901,0,7.071067811865476,51.81813632315948
12.5,Software Engineering,4.0,3,2.33860359318845,0,8.48528137423857,50.91528604384352
15.08,Software Engineering,6.0,0,4.556305511532578,0,7.280109889280518,50.159316644346944
9.5,Software Engineering,8.0,3,5.064167388393022,0,5.196152422706632,45.78090842148966
3.83,Software Engineering,9.0,3,5.6566757822222735,0,8.602325267042627,51.69802641530119
0.0,Software Engineering,5.0,3,4.545458846025504,0,6.928203230275509,39.26937243985339
6.0,Software Engineering,6.0,3,4.439082934935737,0,5.477225575051661,41.05358830952488
3.0,Software Engineering,5.0,3,3.383850826548761,0,5.291502622129181,34.45492058916073
0.0,Software Engineering,3.0,0,1.9467441468548543,0,5.385164807134504,21.54121276893349
16.08,Software Engineering,3.0,0,2.813464558843407,0,4.47213595499958,37.84879428700051
6.5,Software Engineering,2.0,4,2.9377373003374627,0,10.954451150103322,55.325101475704656
11.42,Software Engineering,6.0,3,4.731472016833038,0,8.426149773176359,56.2189171337552
9.5,Software Engineering,8.0,3,5.064167388393022,0,7.071067811865476,51.34689709158868
0.0,Software Engineering,4.0,3,4.293797007816551,0,9.327379053088816,45.5920429642779
20.58,Software Engineering,9.0,3,5.921761911969007,0,10.198039027185567,74.55704058078518
0.0,Software Engineering,10.0,0,6.529963400619391,0,10.908712114635714,51.00728420450261
6.83,Software Engineering,6.0,3,4.545159161106843,0,10.44030650891055,56.93135720676102
18.5,Software Engineering,6.0,3,4.3238858928247925,0,4.47213595499958,50.76480527126631
11.5,Software Engineering,6.0,4,4.755969923297195,0,6.6332495807108,53.044468016947505
10.58,Software Engineering,8.0,0,5.286568659283299,0,7.14142842854285,47.26783584727166
0.0,Software Engineering,2.0,0,1.8124355652982136,0,7.071067811865476,26.05713944831661
9.5,Software Engineering,8.0,3,5.298214356397429,0,7.071067811865476,51.966593850512275
12.42,Cybersecurity,7.0,0,4.608307361642014,0,5.0990195135927845,41.18901914225338
3.92,Cybersecurity,8.0,0,5.2182412431118745,0,6.855654600401044,39.31215656143715
7.0,Cybersecurity,3.0,3,2.0386035931884496,0,2.6457513110645907,26.932042481854147
6.5,Cybersecurity,4.0,3,3.753681811932287,4,7.745966692414834,47.22727789273715
8.83,Cybersecurity,6.0,3,4.656726155868945,4,7.14142842854285,50.5135066540353
15.5,Cybersecurity,5.0,3,3.582733984527513,0,6.4031242374328485,51.28154055377473
9.5,Cybersecurity,10.0,4,5.951502379061919,0,7.3484692283495345,56.786511643977825
4.17,Cybersecurity,8.0,0,5.091648535507355,0,6.855654600401044,39.23697131518176
0.0,Cybersecurity,4.0,4,2.554035494187368,5,9.539392014169456,44.8649922607064
5.33,Cybersecurity,3.0,1,2.965245672223481,0,5.744562646538029,32.84807583377197
3.58,Cybersecurity,10.0,3,5.444537677730707,9,7.874007874011811,51.09754445483282
13.0,Cybersecurity,4.0,4,2.610454816002436,0,7.14142842854285,50.16563466986476
7.0,Cybersecurity,9.0,0,4.93457741704574,0,4.47213595499958,34.82176088273448
4.5,Cybersecurity,4.0,3,2.8102286436538444,0,2.6457513110645907,26.508442413976592
0.0,Cybersecurity,3.0,3,3.229124991883021,0,8.0,38.699190543279265
14.33,Cybersecurity,8.0,3,4.818523191384558,5,7.745966692414834,58.97323998107955
21.08,Cybersecurity,4.0,0,3.443550812376708,0,7.416198487095663,53.59035990316792
25.75,Cybersecurity,2.0,1,0.6,4,6.324555320336759,49.63077617265961
6.0,Cybersecurity,6.0,3,4.582459015838506,0,7.937253933193772,48.73620252376887
8.42,Cybersecurity,7.0,4,3.0212518090667446,0,4.795831523312719,39.92683782669326
3.58,Cybersecurity,11.0,1,5.506487518030734,0,5.916079783099616,39.33247992512625
6.0,Cybersecurity,5.0,3,1.5,0,3.741657386773941,27.985997922299074
3.83,Cybersecurity,7.0,4,4.694217127851381,9,7.54983443527075,50.00852562015808
11.5,Cybersecurity,8.0,0,4.6772071863769,0,4.123105625617661,37.650823916170815
4.0,Cybersecurity,6.0,0,4.353761252386835,0,6.164414002968976,34.787707885855546
9.5,Cybersecurity,10.0,4,5.902958815320464,0,7.3484692283495345,56.657980651358365
5.75,Cybersecurity,4.0,4,3.729673639760215,0,5.0990195135927845,39.52582083693168
0.5,Cybersecurity,2.0,3,0.6,0,4.0,20.2499588606755
14.08,Cybersecurity,5.0,3,3.110228643653844,0,3.605551275463989,40.24862030234234
6.08,Cybersecurity,4.0,3,3.04162878776195,0,7.0,41.6906204299754
9.92,Cybersecurity,7.0,1,4.5466884399187215,0,6.244997998398398,43.82788985764703
3.75,Cybersecurity,8.0,3,5.025346496461799,10,7.810249675906654,49.95848981688348
4.92,Cybersecurity,7.0,3,4.88333990088822,0,7.810249675906654,48.16595918790876
7.0,Cybersecurity,7.0,0,4.530858379935606,5,6.0,39.27185982564443
3.75,Cybersecurity,8.0,3,5.139320982925822,0,7.0,45.354908408618705
0.0,Cybersecurity,3.0,3,3.317766393807505,0,6.557438524302,34.65141403914257
14.33,Cybersecurity,8.0,3,4.818523191384558,0,7.745966692414834,57.72323998107955
17.5,Cybersecurity,7.0,4,4.44318075491938,0,5.5677643628300215,55.426550617700705
0.0,Cybersecurity,3.0,3,3.229124991883021,0,8.0,38.699190543279265
11.0,Cybersecurity,6.0,4,3.770430766992598,0,4.242640687119285,42.81810335477175
12.25,Cybersecurity,3.0,3,2.752640986472171,0,4.358898943540674,39.3683866308553
0.0,Cybersecurity,3.0,3,3.5885368786154617,12,8.0,42.65082167623424
12.0,Cybersecurity,4.0,4,2.9001470371492912,5,3.741657386773941,41.04989732236122
8.42,Cybersecurity,7.0,0,3.59486928754135,0,3.3166247903554,29.054367093269253
12.5,Cybersecurity,1.0,4,0.3,0,3.605551275463989,32.63131729292515
8.42,Cybersecurity,7.0,4,3.0212518090667446,0,4.795831523312719,39.92683782669326
5.0,Cybersecurity,7.0,4,4.6374101652096185,0,4.898979485566356,40.95542487311594
0.0,Cybersecurity,6.0,4,3.9802266490809526,4,4.47213595499958,33.61488312470731
14.33,Cybersecurity,8.0,3,4.818523191384558,0,6.48074069840786,53.967212595269366
0.0,Cybersecurity,3.0,3,3.2473831004731606,12,8.0,41.747533364439725
14.33,Cybersecurity,8.0,3,4.818523191384558,0,7.745966692414834,57.72323998107955
3.92,Cybersecurity,7.0,4,4.278002762979375,0,5.656854249492381,41.13047906094112
15.17,Cybersecurity,2.0,3,2.0213802294082512,0,5.196152422706632,42.821183030048914
14.33,Cybersecurity,8.0,3,4.818523191384558,0,7.14142842854285,55.928570660634975
3.5,Cybersecurity,9.0,3,5.507582692835717,9,7.14142842854285,48.87315804862095
4.5,Cybersecurity,5.0,0,3.3551391270069337,0,4.123105625617661,26.470324429022742
12.33,Cybersecurity,5.0,3,3.423218535586692,4,7.615773105863909,52.16232798423852
8.0,Cybersecurity,7.0,3,3.921191889663004,0,4.898979485566356,40.17906130206668
14.33,Cybersecurity,8.0,3,4.818523191384558,0,7.745966692414834,57.72323998107955
9.67,Cybersecurity,1.0,0,1.4772549813552005,0,6.48074069840786,33.34065207120449
10.0,Cybersecurity,3.0,3,3.538574127930169,0,9.055385138137416,53.05161400556721
14.5,Cybersecurity,3.0,0,2.919622293907352,0,8.48528137423857,48.4003422430878
8.0,Cybersecurity,7.0,0,4.077838002240768,0,5.196152422706632,35.47602609420332
0.0,Software Engineering,3.0,4,2.773370239296681,0,8.54400374531753,41.10743088100338
3.0,Software Engineering,7.0,3,4.877526293938151,0,9.433981132056603,50.974074898023645
4.42,Software Engineering,8.0,0,5.31750690931098,0,6.6332495807108,39.43474159769443
9.5,Software Engineering,2.0,3,2.3797218297861886,0,6.708203932499369,42.361949048334104
0.0,Software Engineering,1.0,3,1.3955592060513011,0,10.770329614269007,41.801878875909104
3.0,Software Engineering,5.0,3,4.766847361498256,3,10.770329614269007,55.13152456928409
16.5,Software Engineering,2.0,0,2.547668380274021,0,9.055385138137416,51.054614638629374
0.0,Software Engineering,9.0,0,6.4536695514188205,0,11.0,50.94294699895125
4.5,Software Engineering,3.0,3,2.8056209963300662,0,5.477225575051661,34.76859714296578
0.0,Software Engineering,9.0,0,6.21725423213157,0,10.908712114635714,50.04597664082612
11.5,Software Engineering,8.0,0,5.787106697747293,0,8.717797887081348,54.22964001818846
16.33,Software Engineering,5.0,3,4.2425714701695965,0,10.583005244258365,66.30047294427736
15.0,Software Engineering,6.0,4,4.764666783168649,4,7.937253933193772,61.57864228288196
11.67,Software Engineering,3.0,4,3.495389281436025,0,9.273618495495704,57.321932443633536
3.08,Software Engineering,8.0,3,5.216074624130412,3,6.855654600401044,45.182819906217546
9.0,Software Engineering,8.0,4,4.866950381335648,0,6.708203932499369,51.22749674946231
7.33,Software Engineering,2.0,0,3.104106794289446,0,9.273618495495704,43.63898274497076
9.5,Software Engineering,7.0,3,4.729654447341183,0,8.426149773176359,54.350638006013625
0.0,Software Engineering,2.0,4,2.9872117155189906,0,7.54983443527075,38.5889434002119
10.5,Software Engineering,0.0,3,0.0,0,4.898979485566356,31.46341058235332
11.33,Software Engineering,6.0,4,4.791866432916747,4,7.483314773547883,56.48626843273609
15.25,Software Engineering,2.0,4,2.4913687924557246,0,7.810249675906654,53.909162267176995
11.5,Software Engineering,9.0,3,6.190058104526292,0,9.38083151964686,63.39820829895115
12.5,Software Engineering,4.0,0,3.655014713214469,0,7.3484692283495345,45.02599722600467
14.5,Software Engineering,6.0,3,4.7947937044960085,0,10.488088481701515,65.71097438636725
8.0,Software Engineering,11.0,0,6.054156330756443,0,9.0,52.53448190656739
5.08,Software Engineering,1.0,0,1.3467441468548544,0,5.291502622129181,24.691047624198553
3.0,Software Engineering,1.0,4,1.4772549813552005,0,9.0,41.882679548317604
10.5,Software Engineering,0.0,3,0.0,0,4.898979485566356,31.46341058235332
3.0,Software Engineering,6.0,4,4.694023675411592,0,7.280109889280518,45.960759265135465
5.5,Software Engineering,5.0,0,4.377644949966218,0,10.535653752852738,49.25434257737409
5.17,Software Engineering,5.0,3,4.441804112894891,0,8.54400374531753,49.168485490649495
16.5,Software Engineering,5.0,3,4.312488167249743,0,7.54983443527075,57.65793789314571
15.67,Software Engineering,3.0,0,2.966814206616033,0,10.392304845413264,55.403401097157264
0.0,Software Engineering,5.0,4,4.196572604842866,4,7.14142842854285,41.97860391985299
14.92,Software Engineering,4.0,4,3.5735308249926945,0,10.295630140987,64.07617105444109
12.5,Software Engineering,4.0,4,4.2398519389506175,0,9.797958971132712,61.84620253141667
15.67,Software Engineering,3.0,0,2.9101351977181302,0,10.246950765959598,54.82182249411442
1.83,Software Engineering,4.0,0,2.9691326298332976,0,8.06225774829855,34.2321524877419
0.0,Software Engineering,1.0,0,1.4772549813552005,0,7.745966692414834,27.03987945701467
9.0,Software Engineering,4.0,4,3.26114597374322,0,4.123105625617661,38.7681211661399
0.0,Software Engineering,15.0,3,6.086965154244159,0,8.774964387392123,50.16663014411411
7.0,Software Engineering,8.0,4,5.368835799184824,0,8.717797887081348,56.44216521344609
9.25,Software Engineering,3.0,3,3.3017205889880588,0,7.615773105863909,47.370765700811596
12.5,Software Engineering,11.0,4,6.000633719117307,0,7.0,59.135445155531116
7.08,Software Engineering,6.0,0,1.7999999999999998,0,5.0,27.772447804867205
17.08,Software Engineering,3.0,0,3.55872401517277,2,9.69535971483266,56.86803350406197
12.5,Software Engineering,4.0,4,3.26114597374322,0,4.123105625617661,42.4081211661399
9.0,Software Engineering,5.0,3,3.949303438229242,0,4.242640687119285,39.07837929555329
5.0,Software Engineering,6.0,4,4.920339505386041,0,6.928203230275509,47.595294276125564
0.0,Software Engineering,3.0,3,3.0,0,6.557438524302,33.81004956424091
6.0,Software Engineering,6.0,0,4.7963585563028985,0,7.681145747868608,42.54225557959073
0.0,Software Engineering,13.0,3,6.271703415797913,0,8.888194417315589,50.725244943350866
7.5,Software Engineering,6.0,4,5.384832180626214,0,9.433981132056603,58.8639583405536
12.5,Software Engineering,10.0,4,6.16095705174207,0,8.94427190999916,65.19849185845322
12.5,Software Engineering,7.0,4,4.252761028074271,0,9.746794344808963,62.12849206770205
0.0,Software Engineering,9.0,0,5.521461237214735,0,6.557438524302,35.286236697859536
0.0,Software Engineering,7.0,4,5.180531245574384,0,8.426149773176359,47.66444492827936
3.0,Software Engineering,4.0,0,3.635974483517132,0,5.0990195135927845,28.41772933661102
17.5,Software Engineering,10.0,3,5.29677681074818,0,3.872983346207417,51.05542482261195
15.5,Software Engineering,4.0,4,3.265245672223481,0,8.660254037844387,59.00823281799229
4.5,Software Engineering,4.0,3,3.2302251756048026,0,4.123105625617661,32.00625076827451
0.0,Software Engineering,4.0,3,2.8102286436538444,0,2.6457513110645907,21.828442413976592
9.5,Software Engineering,4.0,4,3.543299453602982,0,9.69535971483266,56.57732652703318
17.5,Software Engineering,5.0,4,3.7076444576736254,0,5.291502622129181,52.392243653326226
3.17,Software Engineering,8.0,3,5.190156976327647,0,8.0,47.854970424971114
8.08,Software Engineering,6.0,4,4.297841442863854,0,6.928203230275509,49.15027795839075
12.42,Software Engineering,3.0,3,2.729036088242699,0,5.0,41.38589873870294
3.17,Software Engineering,7.0,4,4.3772071863769,0,2.6457513110645907,31.67420248172686
2.5,Software Engineering,8.0,4,4.597693880497545,0,4.358898943540674,36.78028342128332
6.25,Software Engineering,6.0,0,4.122078569521369,0,6.082762530298219,36.27187558855057
6.0,Software Engineering,3.0,4,3.256642104034332,0,4.795831523312719,37.499958039933276
21.5,Software Engineering,4.0,4,3.419677926849098,0,6.48074069840786,59.18689329085721
8.0,Software Engineering,6.0,4,4.510851338243781,0,6.164414002968976,47.36364242196433
0.0,Software Engineering,4.0,3,2.8102286436538444,0,2.6457513110645907,21.828442413976592
23.5,Software Engineering,1.0,0,0.3,0,3.741657386773941,36.47537023198726
9.58,Software Engineering,6.0,4,3.74758472442332,0,6.928203230275509,49.25333831973191
0.0,Software Engineering,6.0,0,4.185549852434169,0,4.58257569495584,25.486384847746468
0.17,Software Engineering,5.0,4,3.237976657338872,0,6.164414002968976,35.71686113798104
7.0,Software Engineering,7.0,4,4.705404675090563,0,5.916079783099616,46.23488326150451
3.17,Software Engineering,10.0,3,5.743375960972717,0,5.744562646538029,42.89079057493359
9.5,Software Engineering,5.0,3,3.647826352710096,0,5.0,41.04848800748547
12.0,Software Engineering,4.0,4,3.4772071863769,0,2.6457513110645907,38.074431713993
0.0,Software Engineering,0.0,0,0.0,0,2.6457513110645907,7.854339404559393
12.33,Software Engineering,6.0,0,4.087261908994946,0,5.656854249492381,41.23851252843281
7.5,Software Engineering,5.0,0,4.288960088522541,0,6.0,37.634708095419874
4.0,Software Engineering,8.0,3,4.792209553275837,0,4.69041575982343,37.83947250667685
0.0,Software Engineering,5.0,3,4.056503113002048,0,5.830951894845301,34.71737467180401
11.5,Software Engineering,6.0,3,4.533704129454942,0,6.4031242374328485,49.7728006163855
5.0,Software Engineering,5.0,4,3.47211927308288,0,2.6457513110645907,30.9142935488281
0.0,Software Engineering,3.0,4,0.8999999999999999,0,4.47213595499958,24.05922749942429
11.0,Software Engineering,9.0,4,5.30405128479101,0,6.164414002968976,52.98383385039779
8.0,Software Engineering,12.0,3,5.25588261736533,0,4.242640687119285,42.431201506232185
3.92,Software Engineering,7.0,3,4.992632859346527,0,7.745966692414834,47.22450470233868
3.5,Software Engineering,1.0,0,0.3,0,2.6457513110645907,12.421996327137347
0.0,Software Engineering,4.0,3,2.8102286436538444,0,2.6457513110645907,21.828442413976592
3.83,Software Engineering,10.0,3,5.454146752915012,0,4.795831523312719,39.99492397353541
6.0,Software Engineering,9.0,4,4.310228643653844,0,3.872983346207417,38.34996321911504
15.5,Software Engineering,3.0,3,3.1772071863769,0,7.416198487095663,52.94861648657927
10.92,Software Engineering,2.0,4,2.2517277432393965,0,5.5677643628300215,42.11427454470547
6.42,Software Engineering,4.0,3,2.8102286436538444,0,2.6457513110645907,28.505242413976593
0.0,Software Engineering,4.0,3,2.8102286436538444,0,2.6457513110645907,21.828442413976592
0.0,Software Engineering,3.0,3,2.635245065804764,0,4.358898943540674,26.317552133964597
7.5,Software Engineering,3.0,0,0.8999999999999999,0,0.0,10.582970767733856
9.83,Software Engineering,3.0,3,2.7838508265487607,0,7.14142842854285,45.19460980805761
4.0,Software Engineering,1.0,0,1.7418370007349824,0,4.898979485566356,23.448684643362963
8.0,Software Engineering,8.0,0,4.304838573257838,0,4.242640687119285,33.37974577741492
0.0,Software Engineering,9.0,3,4.324417050974258,0,5.385164807134504,34.63668501976617
9.42,Software Engineering,3.0,4,3.805855281716587,0,10.862780491200215,60.5216509786909
8.08,Software Engineering,5.0,1,2.9418370007349823,0,4.242640687119285,31.454064773306865
1.0,Software Engineering,3.0,4,0.8999999999999999,0,1.7320508075688772,16.96484288991497
4.83,Software Engineering,7.0,3,3.344795587027246,0,3.1622776601683795,30.20043128367534
0.0,Software Engineering,1.0,0,1.7803197688167898,0,4.47213595499958,18.12342336092277
3.33,Software Engineering,5.0,3,3.888996426715495,0,4.242640687119285,33.02190168941257
0.0,Software Engineering,11.0,3,4.441837000734982,2,4.242640687119285,32.32248271952996
16.5,Software Engineering,4.0,4,1.2,0,0.0,28.87062769031181
0.0,Software Engineering,6.0,3,3.012435565298213,0,4.242640687119285,27.371125123971478
4.0,Software Engineering,0.0,0,0.0,0,2.23606797749979,10.798128365845216
1.08,Software Engineering,5.0,3,3.74630007693308,0,8.306623862918075,42.368667490721975
16.08,Software Engineering,7.0,4,4.616982696201902,2,6.0,56.19309507903737
4.0,Software Engineering,7.0,0,3.734089952837284,0,5.744562646538029,32.03391299559649
0.0,Software Engineering,6.0,3,3.2646238555104854,0,4.47213595499958,28.720149193166083
9.5,Software Engineering,4.0,3,1.2,0,0.0,19.590627690311813
12.5,Software Engineering,8.0,0,4.058241848297848,0,4.0,36.68650245206181
0.0,Software Engineering,6.0,4,4.050493693555955,0,5.5677643628300215,36.05348196426032
0.0,Software Engineering,2.0,4,0.6,0,0.0,9.855313845155905
5.0,Software Engineering,4.0,3,4.156574901794755,0,9.486832980505138,50.90207847444792
0.0,Software Engineering,3.0,4,2.8482103785996182,0,8.12403840463596,40.058853673051786
0.0,Software Engineering,7.0,0,5.110269403127592,0,8.660254037844387,40.17338572523646
3.0,Software Engineering,7.0,3,3.813314140666603,0,4.242640687119285,32.744980939090595
7.0,Software Engineering,4.0,4,3.1304714773799054,0,4.0,35.9766694819873
11.33,Software Engineering,6.0,0,2.846744146854854,0,4.242640687119285,32.715616449954936
10.0,Software Engineering,9.0,0,5.204021193430659,0,5.385164807134504,41.36565275160085
0.0,Software Engineering,0.0,3,0.0,0,0.0,6.0
6.5,Software Engineering,2.0,3,0.6,0,4.47213595499958,27.891570576846334
4.0,Software Engineering,7.0,3,3.2772549813552008,0,2.8284271247461903,28.167311813523174
9.42,Software Engineering,7.0,0,3.3124355652982143,0,4.358898943540674,32.44071342783124
5.67,Software Engineering,7.0,0,3.7382431235245015,0,5.477225575051661,32.9880763279059
3.0,Software Engineering,4.0,0,2.6418370007349825,0,4.242640687119285,23.24320785072891
11.33,Software Engineering,6.0,0,3.241837000734982,0,4.242640687119285,33.76172169588481
5.17,Software Engineering,5.0,3,3.639489074136373,0,6.928203230275509,42.24739523667305
7.0,Software Engineering,5.0,4,1.5,0,0.0,19.918284612889764
9.83,Software Engineering,3.0,4,3.645970134067868,0,8.246211251235321,52.757008110089025
0.0,Software Engineering,8.0,3,5.682218800433319,0,9.0,48.829686059697245
10.0,Software Engineering,9.0,3,4.141837000734983,0,4.242640687119285,41.16149246361868
3.42,Software Engineering,11.0,4,4.377592769885801,0,3.872983346207417,36.11179293423136
0.0,Software Engineering,7.0,3,3.813314140666603,0,4.242640687119285,29.624980939090598
14.25,Software Engineering,7.0,3,4.501795688027027,0,5.477225575051661,49.93296903994783
19.5,Software Engineering,8.0,4,4.1942523263590505,0,7.211102550927978,61.859299280931445
11.33,Software Engineering,4.0,0,2.6418370007349825,0,4.242640687119285,31.906407850728915
1.0,Software Engineering,2.0,3,0.6,0,4.795831523312719,23.132513068550185
2.33,Blockchain,10.0,3,5.24805250203416,0,7.211102550927978,45.05936040722765
11.17,Blockchain,6.0,4,1.7999999999999998,0,4.358898943540674,38.12283593873494
22.5,Blockchain,15.0,5,5.669946044588512,0,6.4031242374328485,69.42127980398243
9.33,Blockchain,5.0,0,2.8540354941873685,0,3.741657386773941,29.034339034657478
18.5,Blockchain,15.0,4,5.401720588988059,0,4.58257569495584,57.14649519639232
1.67,Blockchain,12.0,3,5.576798798229191,0,6.244997998398398,42.642026381417814
3.33,Blockchain,8.0,3,5.258315953298832,0,9.899494936611664,53.84079505598786
5.92,Blockchain,8.0,4,4.100147037149291,0,2.6457513110645907,33.93395110782312
9.92,Blockchain,8.0,4,3.980084844679362,0,2.6457513110645907,37.77605700230547
9.83,Blockchain,9.0,3,4.597564207580674,0,3.4641016151377544,39.88012325485581
4.5,Blockchain,3.0,3,1.995559206051301,0,8.366600265340756,41.20133453808775
11.83,Blockchain,14.0,3,6.4576138363939695,0,9.746794344808963,66.20291405590397
9.42,Blockchain,15.0,3,5.523715517436394,0,7.810249675906654,55.60817738191303
9.25,Blockchain,15.0,0,6.004042429804092,0,9.899494936611664,56.905422160695856
16.0,Data Science,7.0,4,4.987716277731324,0,9.1104335791443,65.82532682532323
10.25,Data Science,12.0,4,5.970421406705345,0,9.219544457292889,63.4378596123789
2.08,Data Science,9.0,5,6.705994458262579,0,11.445523142259598,65.09684637461729
28.08,Data Science,15.0,5,4.1772549813552,0,2.8284271247461903,57.456949247923696
5.83,Data Science,10.0,4,3.0,0,0.0,23.339769225779524
1.83,Data Science,6.0,5,3.458241848297848,0,4.0,33.734388606905895
7.92,Data Science,10.0,4,3.9899494936611664,0,2.0,34.07182585012543
0.0,Data Science,7.0,4,2.1,0,1.7320508075688772,19.635470580226784
17.83,Data Science,8.0,4,3.9152304388899575,0,3.3166247903554,47.82233515858181
0.0,Data Science,9.0,4,3.8772549813552,0,2.8284271247461903,27.86262565867908
15.08,Data Science,6.0,4,2.789949493661166,0,2.0,37.80759815981361
14.25,Data Science,2.0,4,0.6,0,0.0,24.6753138451559
7.08,Data Science,13.0,3,4.302846802742939,0,2.449489742783178,33.761081012258344
4.58,Data Science,10.0,4,6.583590491329957,0,11.489125293076055,65.63552519582628
1.58,Data Science,7.0,3,3.0212518090667446,0,3.3166247903554,26.4219741120846
12.0,Data Science,15.0,3,3.0,0,0.0,28.423235892446193
1.0,Data Science,9.0,0,5.268351475364202,0,5.656854249492381,32.98253687369214
2.5,Data Science,9.0,4,2.7,0,0.0,18.94891230320157
0.0,Data Science,0.0,3,0.0,0,0.0,6.0
19.5,Data Science,6.0,4,1.7999999999999998,0,0.0,33.845941535467716
0.0,Data Science,3.0,4,0.8999999999999999,0,0.0,10.782970767733858
10.67,Data Science,13.0,4,5.0088985312789935,0,3.0,42.998404626731805
10.25,Data Science,2.0,3,2.57211927308288,0,8.717797887081348,49.61717218306929
19.17,Data Science,15.0,4,4.095559206051301,0,2.449489742783178,48.052502919558364
12.0,Data Science,15.0,5,7.553596646557913,0,11.269427669584644,77.93511327609797
4.92,Data Science,14.0,4,3.0,0,0.0,22.926702559112858
0.0,Data Science,15.0,4,3.0,0,0.0,17.94323589244619
8.5,Data Science,7.0,4,2.1,0,0.0,23.333598458045667
7.5,Data Science,10.0,4,3.0,0,0.0,25.076569225779522
0.83,Data Science,10.0,5,4.244795587027246,0,3.1622776601683795,32.8234020514092
15.33,Data Science,13.0,4,3.0,0,2.449489742783178,40.89147451695618
10.0,Data Science,9.0,5,2.7,0,0.0,28.74891230320157
15.42,Data Science,8.0,4,4.213014044877946,0,2.23606797749979,42.89658315806336
10.25,Data Science,7.0,4,2.1,0,0.0,25.153598458045668
2.25,Data Science,15.0,4,3.0,0,0.0,20.283235892446193
7.25,Data Science,14.0,4,6.818961081174611,0,11.445523142259598,69.43941988587171
5.08,Data Science,11.0,4,3.0,0,0.0,22.693102559112855
0.0,Data Science,3.0,5,1.995559206051301,0,2.449489742783178,22.95543779484603
3.08,Data Science,13.0,4,3.9899494936611664,0,3.4641016151377544,33.78464758672786
12.0,Data Science,14.0,4,4.5493546875804505,0,2.449489742783178,41.663904438462446
10.0,Data Science,7.0,3,3.4944096258573545,0,2.8284271247461903,34.98228200233014
3.08,Data Science,13.0,4,3.0,0,0.0,20.879769225779526
5.67,Data Science,13.0,0,5.341759814855197,0,4.47213595499958,35.05000949508527
2.08,Data Science,15.0,4,3.0,0,0.0,20.106435892446193
11.92,Data Science,12.0,5,5.993422391325811,0,8.94427190999916,66.41836941583747
21.25,Data Science,8.0,3,2.4,0,0.0,35.52125538062362
10.75,Data Science,15.0,3,6.274051571723112,0,10.04987562112089,65.62676690792358
0.0,Data Science,14.0,3,3.0,0,0.0,15.809902559112858
2.0,Data Science,15.0,4,4.212435565298214,0,3.0,32.13944022060424
26.83,Data Science,13.0,1,3.9899494936611664,0,2.0,46.235025850125425
4.92,Data Science,10.0,4,3.0,0,2.0,28.33069173353932
12.58,Data Science,15.0,4,4.711022744558704,0,4.795831523312719,49.793987541630635
0.75,Data Science,2.0,3,0.6,0,6.0,26.4472813684353
2.0,Data Science,11.0,4,3.0,0,0.0,19.489902559112856
0.0,Data Science,8.0,3,2.4,0,1.7320508075688772,18.563127502804733
1.92,Data Science,9.0,4,4.776128005641578,0,4.47213595499958,37.11902719880031
12.0,Data Science,5.0,4,1.5,0,0.0,25.118284612889763
11.75,Data Science,10.0,4,5.813889741202245,5,10.723805294763608,70.0323778283976
0.0,Data Science,11.0,4,3.0,0,0.0,17.409902559112858
0.0,Data Science,12.0,4,4.1772549813552,0,2.8284271247461903,29.056949247923697
2.58,Data Science,15.0,4,4.4803197688167895,0,2.23606797749979,31.184073964945796
0.75,Data Science,3.0,4,0.8999999999999999,0,0.0,11.562970767733857
6.0,Data Science,6.0,3,3.231417084455997,0,3.0,30.501953151211264
5.58,Data Science,6.0,3,1.7999999999999998,0,0.0,17.369141535467715
0.0,Data Science,10.0,4,3.0,0,0.0,17.276569225779525
5.17,Data Science,11.0,4,3.0,0,0.0,22.786702559112857
6.08,Data Science,11.0,4,4.212435565298214,0,3.0,35.849306887270906
7.0,Data Science,6.0,3,5.248799121846055,0,10.770329614269007,59.95094340969152
0.0,Data Science,12.0,4,4.095559206051301,0,2.449489742783178,27.715702919558368
7.08,Data Science,9.0,4,3.746744146854854,0,2.23606797749979,33.121752561548604
20.0,Data Science,12.0,3,4.046744146854854,0,3.0,48.020731546587704
5.08,Data Science,10.0,4,3.0,0,0.0,22.559769225779522
24.92,Data Science,5.0,4,3.10816021126298,5,6.0,61.875050773138476
30.0,Data Science,1.0,4,0.3,0,0.0,34.92765692257795
0.0,Data Science,15.0,5,4.775570166482583,0,4.58257569495584,38.24860835968705
0.33,Data Science,6.0,3,3.602555087545527,0,5.744562646538029,33.73550884123196
11.08,Data Science,0.0,3,0.0,0,0.0,17.5232
0.0,Data Science,13.0,3,3.0,0,0.0,15.676569225779524
6.0,Data Science,15.0,5,6.664272598426287,0,10.908712114635714,68.26956741807108
28.67,Data Science,12.0,5,3.0,0,0.0,45.54323589244619
0.0,Data Science,0.0,4,0.0,0,0.0,8.0
20.0,Data Science,12.0,4,3.0,0,0.0,38.343235892446195
5.67,Data Science,6.0,3,1.7999999999999998,0,0.0,17.462741535467714
6.33,Data Science,1.0,3,0.3,0,2.0,19.44817943033775
0.0,Data Science,6.0,5,1.7999999999999998,0,2.0,21.503264043227514
6.25,Data Science,14.0,4,5.27243262466631,0,5.196152422706632,45.75234172146124
5.92,Data Science,8.0,3,2.4,0,0.0,19.57805538062362
6.83,Data Science,13.0,4,4.046744146854854,0,4.242640687119285,40.146244140266745
0.0,Data Science,8.0,3,2.4,0,0.0,13.421255380623618
8.17,Data Science,5.0,3,5.110219497370977,0,10.816653826391969,60.8050074209734
0.0,Data Science,9.0,4,3.795559206051301,0,2.449489742783178,26.521379330313746
16.08,Data Science,10.0,4,4.046744146854854,0,2.23606797749979,43.409409484126556
12.0,Data Science,15.0,4,4.5493546875804505,0,2.449489742783178,41.79723777179578
5.83,Data Science,11.0,4,3.0,0,0.0,23.473102559112856
12.5,Data Science,6.0,5,2.846744146854854,0,2.8284271247461903,39.73409544262647
14.17,Data Science,6.0,4,1.7999999999999998,0,0.0,28.302741535467714
0.0,Data Science,6.0,5,3.449490665705339,0,3.3166247903554,29.7793081976152
15.75,Data Science,6.0,5,3.4362792522725147,0,4.0,48.15303724655932
0.0,Data Science,5.0,4,1.5,0,0.0,12.63828461288976
3.0,Data Science,5.0,4,2.921380229408252,0,4.795831523312719,33.758936654633715
0.17,Data Science,15.0,4,6.978467365376842,0,10.816653826391969,60.76498526135016
16.92,Data Science,15.0,4,3.0,0,0.0,35.54003589244619
15.92,Data Science,5.0,4,1.5,0,0.0,29.195084612889765
6.67,Data Science,11.0,4,3.0,0,0.0,24.346702559112856
15.83,Data Science,11.0,4,4.49486928754135,0,3.3166247903554,47.67707119433645
0.58,Data Science,14.0,4,3.0,0,0.0,18.413102559112858
5.83,Data Science,10.0,4,3.0,0,0.0,23.339769225779524
0.0,Data Science,8.0,5,3.495559206051301,0,2.449489742783178,27.593722407735793
0.0,Data Science,1.0,4,0.3,0,2.8284271247461903,17.324298937234893
5.08,Data Science,11.0,4,3.0,0,0.0,22.693102559112855
11.83,Data Science,1.0,3,0.3,0,0.0,19.230856922577953
0.42,Data Science,3.0,4,2.5903154819364924,0,5.830951894845301,33.00541659975715
11.5,Data Science,15.0,5,6.594081856979731,0,11.04536101718726,74.20938451486916
7.42,Data Science,4.0,4,3.752010665131048,0,10.770329614269007,58.15796214543225
5.83,Data Science,11.0,3,6.243158447247589,0,10.770329614269007,62.03362030419753
13.25,Data Science,8.0,4,5.475155037467226,0,10.862780491200215,69.59139822373427
6.58,Data Science,14.0,4,5.862327967168259,0,9.9498743710662,61.76962450039086
10.92,Data Science,10.0,4,6.649581243410809,0,11.357816691600547,72.01404114182415
3.42,Data Science,9.0,3,5.515997640867873,0,8.831760866327848,51.58026310193032
12.83,Data Science,14.0,4,6.4591972141266485,0,10.583005244258365,71.72953333411732
14.67,Data Science,13.0,5,6.561160823640813,0,11.704699910719626,79.1097051633967
0.25,Data Science,4.0,3,3.8834459499658,0,7.3484692283495345,38.890824958911026
22.75,Data Science,11.0,5,5.826317347673426,0,8.426149773176359,75.5676553766247
11.5,Data Science,15.0,4,5.384368128468085,0,7.3484692283495345,58.031551265593656
7.25,Data Science,8.0,4,5.454317885878909,0,11.445523142259598,65.02619228278662
7.58,Data Science,14.0,4,6.6168727204864135,0,11.31370849898476,68.85622835499967
0.33,Data Science,5.0,3,4.475933846223482,0,9.433981132056603,46.86729371641616
13.25,Data Science,14.0,4,6.464736776425212,0,10.3440804327886,71.4717138537426
7.58,Data Science,14.0,4,6.6168727204864135,0,11.31370849898476,68.85622835499967
20.83,Data Science,15.0,4,6.386781719093483,0,10.908712114635714,80.95804224722347
10.92,Data Science,6.0,4,4.916187986500275,0,11.0,65.8288874154728
18.83,Data Science,15.0,4,6.401292971141105,0,10.099504938362076,76.51420235602804
18.83,Data Science,15.0,4,6.401292971141105,0,10.099504938362076,76.51420235602804
7.58,Data Science,14.0,4,5.421869164382473,0,11.04536101718726,64.89553053706264
4.42,Data Science,5.0,5,4.551896431912251,0,10.816653826391969,59.4267101499293
24.33,Data Science,15.0,4,5.861920887797343,0,7.483314773547883,73.03950008369593
10.0,Data Science,13.0,3,6.266126237482414,0,11.269427669584644,68.17955288815433
12.58,Data Science,15.0,5,5.69542566782364,0,8.12403840463596,64.28075456601373
7.58,Data Science,15.0,0,5.6749226852480055,0,8.12403840463596,49.026467890314734
12.83,Data Science,10.0,3,3.0,0,0.0,28.619769225779525
1.33,Data Science,4.0,4,2.1899494936611665,0,2.0,21.652284314657713
3.83,Data Science,5.0,3,2.595559206051301,0,3.0,26.428230110464977
2.75,Data Science,11.0,4,3.0,0,0.0,20.269902559112854
20.0,Data Science,12.0,5,3.0,0,0.0,40.343235892446195
2.5,Data Science,11.0,3,3.9899494936611664,0,2.0,26.568359183458757
12.5,Data Science,15.0,4,4.095559206051301,0,2.449489742783178,41.115702919558366
0.0,Data Science,14.0,4,4.5493546875804505,0,2.449489742783178,29.18390443846245
3.92,Data Science,11.0,4,3.0,0,0.0,21.486702559112857
36.5,Data Science,5.0,4,2.3324449805019047,0,1.4142135623730951,45.0407079027547
5.92,Data Science,8.0,4,2.4,0,0.0,21.57805538062362
0.0,Data Science,9.0,3,4.1,0,2.0,23.993078227436257
17.42,Data Science,12.0,4,3.0,0,0.0,35.660035892446196
0.0,Data Science,14.0,5,6.012479869412866,0,11.090536506409418,60.71022797842833
1.75,Data Science,14.0,4,4.608160211262979,0,3.741657386773941,34.99561450549149
5.08,Data Science,10.0,4,3.0,0,0.0,22.559769225779522
17.5,Data Science,8.0,4,3.5772549813552006,0,2.8284271247461903,45.13496873610113
0.0,Data Science,4.0,4,3.397743700581508,0,6.557438524302,36.99650691039205
14.17,Data Science,15.0,4,5.345108111557445,0,4.0,50.76392988242905
5.08,Data Science,10.0,4,3.0,0,0.0,22.559769225779522
0.92,Data Science,15.0,4,4.1772549813552,0,2.8284271247461903,30.413749247923697
1.33,Data Science,4.0,4,2.1899494936611665,3,3.605551275463989,27.16862217724511
22.83,Data Science,15.0,4,4.1772549813552,0,2.8284271247461903,53.20014924792369
10.75,Data Science,12.0,4,6.59731470986905,0,11.180339887498947,71.43865082829109
6.92,Data Science,10.0,4,4.302846802742939,0,1.7320508075688772,33.0648478432628
1.83,Data Science,2.0,4,0.6,0,0.0,11.758513845155905
30.08,Data Science,7.0,4,2.1,0,0.0,40.49359845804566
5.5,Data Science,10.0,0,3.0,0,0.0,14.996569225779526
6.83,Data Science,6.0,3,1.7999999999999998,0,0.0,18.669141535467716
23.92,Data Science,7.0,4,4.871695677020447,0,7.14142842854285,67.90962452609949
0.0,Data Science,10.0,4,3.0,0,0.0,17.276569225779525
0.0,Data Science,8.0,4,3.4467441468548543,0,2.23606797749979,24.83089563897065
0.0,Data Science,11.0,4,3.0,0,0.0,17.409902559112858
19.17,Data Science,7.0,4,2.1,0,0.0,34.430398458045666
9.92,Data Science,9.0,3,4.24935468758045,0,6.782329983125268,48.90244912330638
10.5,Data Science,7.0,0,3.2772549813552008,0,2.8284271247461903,28.92731181352318
16.17,Software Engineering,9.0,4,5.889349189153101,0,9.055385138137416,68.49266761935836
8.0,Software Engineering,11.0,1,6.68685859592344,0,10.723805294763608,61.32711034166731
10.25,Software Engineering,15.0,4,6.947209969842235,0,11.269427669584644,72.50955580436826
8.75,Software Engineering,15.0,4,6.447591303500614,0,11.0,68.82685334660889
14.17,Software Engineering,15.0,4,7.132057280140221,0,10.908712114635714,76.00494210931328
5.0,Software Engineering,15.0,4,6.392856168180442,0,11.090536506409418,65.05070086809714
15.17,Software Engineering,15.0,4,7.019601072100531,0,11.31370849898476,77.949483787482
7.5,Software Engineering,15.0,4,6.646157348723694,10,11.445523142259598,71.87521294922078
13.25,Software Engineering,6.0,3,4.946574430502983,0,10.0,63.36388172580827
13.92,Software Engineering,15.0,4,6.793632539968483,0,11.31370849898476,76.05117666915044
12.67,Software Engineering,15.0,4,6.699614154564888,3,11.135528725660045,74.72328454202703
11.33,Software Engineering,12.0,1,6.307333284488397,13,10.3440804327886,66.04148283149297
6.58,Software Engineering,11.0,4,6.076748411913616,10,7.416198487095663,56.91572979801616
9.67,Software Engineering,15.0,4,6.059978239620682,0,8.660254037844387,61.81143949770487
14.33,Software Engineering,14.0,4,6.580588683643932,0,10.770329614269007,74.1670496258442
14.92,Software Engineering,13.0,1,6.555168574423767,0,10.677078252031311,68.30317861191513
11.5,Software Engineering,15.0,4,6.776238391898279,9,11.269427669584644,75.60686661286405
2.0,Software Engineering,15.0,4,5.672838485159098,0,7.483314773547883,49.3156580412739
9.08,Software Engineering,15.0,4,6.847517931975661,0,10.862780491200215,69.8215989574412
11.17,Software Engineering,15.0,4,6.451686437089832,0,11.269427669584644,72.15433570073138
14.17,Software Engineering,14.0,3,6.428258493833932,5,10.908712114635714,73.25812884916388
5.92,Software Engineering,15.0,4,6.810860143444063,12,11.0,69.84549670929093
5.42,Software Engineering,3.0,3,0.8999999999999999,0,0.0,14.419770767733857
10.83,Software Engineering,15.0,4,7.068519148260041,0,10.677078252031311,71.67546684641651
1.75,Software Engineering,8.0,4,5.723713863547207,5,9.327379053088816,54.98143192816242
9.58,Software Engineering,15.0,4,7.052065010424614,0,11.40175425099138,72.48321804006811
11.0,Software Engineering,15.0,4,5.842760458816503,0,9.591663046625438,65.3845399759341
10.25,Software Engineering,15.0,4,6.948975069892576,5,11.180339887498947,73.49975789285423
10.67,Software Engineering,15.0,4,6.559791783336438,4,11.0,72.12073163946943
2.08,Software Engineering,4.0,4,3.119733454367412,0,9.0,45.674744201451205
11.58,Software Engineering,15.0,4,6.838993422845936,14,11.180339887498947,76.84175450407716
10.17,Software Engineering,15.0,4,6.812384653149872,0,10.908712114635714,70.99853041446585
12.25,Software Engineering,15.0,4,6.527668007466176,0,11.224972160321824,73.34674219852062
5.08,Software Engineering,15.0,4,6.540886782628743,4,10.63014581273465,65.15910421742684
5.0,Software Engineering,15.0,4,6.572732718769869,0,11.224972160321824,65.92606207595736
2.58,Software Engineering,11.0,4,6.657929616270122,0,11.090536506409418,62.702414510430614
13.5,Software Engineering,15.0,4,6.882833568793867,5,11.31370849898476,77.10055827375342
3.0,Software Engineering,15.0,4,6.573064997420893,0,10.908712114635714,62.908072921414416
9.08,Software Engineering,15.0,4,6.978999101738452,0,11.31370849898476,71.5083801113873
9.75,Software Engineering,15.0,4,6.723707686869905,0,10.723805294763608,69.77801068227062
17.5,Software Engineering,15.0,4,6.540886782628743,4,10.63014581273465,78.07590421742684
11.75,Software Engineering,15.0,4,6.65635698279232,4,11.31370849898476,74.43090595817802
11.83,Software Engineering,13.0,3,6.045645048269799,4,10.099504938362076,67.0258705740196
15.42,Software Engineering,15.0,3,6.862297889138798,5,11.090536506409418,76.38046297720652
12.92,Software Engineering,15.0,4,6.338110138408224,10,11.489125293076055,76.82582241242018
12.25,Software Engineering,15.0,4,6.583663292076366,0,11.445523142259598,74.14974460461225
13.08,Software Engineering,15.0,4,6.788425044127459,13,11.04536101718726,77.61715577473723
8.25,Software Engineering,15.0,4,6.890218089652175,0,11.04536101718726,69.61347783234167
5.0,Software Engineering,15.0,4,6.427164647917369,0,11.135528725660045,65.27510764199977
15.42,Software Engineering,15.0,4,6.540886782628743,0,10.63014581273465,74.91270421742684
11.5,Software Engineering,14.0,3,6.545576955867155,5,11.269427669584644,71.86280054696884
9.42,Software Engineering,15.0,3,5.785385980627364,0,7.54983443527075,55.52792948552127
7.33,Software Engineering,15.0,1,6.430799791724317,0,10.954451150103322,61.17037459441852
6.75,Software Engineering,15.0,4,6.536162780501517,4,11.090536506409418,68.25014027696835
6.17,Software Engineering,14.0,4,6.385036783552874,0,10.723805294763608,65.02476305728561
17.5,Software Engineering,15.0,4,6.545993662085248,9,10.954451150103322,80.30217862296543
4.75,Software Engineering,10.0,1,5.949450722428539,0,8.366600265340756,48.863565540663146
8.42,Software Engineering,15.0,4,6.352188708644928,0,10.816653826391969,67.68675889307485
13.0,Software Engineering,15.0,4,6.2182610168848855,3,11.04536101718726,73.52430665281227
11.75,Software Engineering,8.0,3,4.109258403429918,0,7.211102550927978,51.574257021181275
10.67,Software Engineering,15.0,4,6.774402007466025,0,11.04536101718726,71.82362634536051
11.5,Software Engineering,15.0,4,6.776238391898279,9,11.269427669584644,75.60686661286405
10.08,Software Engineering,15.0,4,5.789674501823583,0,10.677078252031311,67.50941194760426
7.5,Software Engineering,15.0,4,6.147519775655187,0,9.643650760992957,62.7057989372782
9.33,Software Engineering,15.0,3,5.809693468899623,0,7.810249675906654,56.27177415808335
10.33,Software Engineering,15.0,4,6.686781838925843,0,11.31370849898476,72.03466322793213
17.5,Software Engineering,15.0,4,6.745456058849982,4,10.954451150103322,79.58030424602376
11.08,Software Engineering,15.0,4,6.756281474351306,0,11.224972160321824,72.73525243040679
9.75,Software Engineering,15.0,4,6.5251012310241565,0,10.723805294763608,69.25215137275546
4.08,Software Engineering,15.0,4,5.990044337744957,0,9.327379053088816,57.793140522129015
12.25,Software Engineering,15.0,4,6.565588268036027,0,10.816653826391969,72.23498657293739
12.25,Software Engineering,15.0,4,6.9528132420904605,4,11.224972160321824,75.47241849424398
16.17,Software Engineering,15.0,4,6.507258204992489,4,11.135528725660045,78.10397498110402
11.83,Software Engineering,15.0,4,6.409734958403149,0,10.770329614269007,71.24800581161396
10.08,Software Engineering,15.0,4,6.4217557036320905,0,10.954451150103322,70.00642815270231
9.58,Software Engineering,15.0,4,6.342449360450173,0,11.224972160321824,70.079530396878
12.42,Software Engineering,15.0,3,7.135413863184629,0,11.180339887498947,73.0002003310615
8.92,Software Engineering,15.0,4,6.608684689545827,8,11.090536506409418,71.69895982060484
7.25,Software Engineering,15.0,4,6.549148159839151,10,11.40175425099138,71.22842231390595
12.67,Software Engineering,15.0,4,6.608071884183355,3,11.135528725660045,74.4809039261035
1.25,Software Engineering,15.0,4,6.189103031247459,0,10.954451150103322,60.20722313344926
10.0,Software Engineering,12.0,1,6.281119517425781,0,11.04536101718726,63.4207399520262
10.58,Software Engineering,15.0,4,6.746158752668142,0,11.04536101718726,71.65524540028382
9.5,Software Engineering,15.0,4,5.905285227945788,0,10.04987562112089,65.35036755531752
11.08,Software Engineering,15.0,4,7.073327922199552,0,11.224972160321824,73.57471067178037
7.17,Software Engineering,15.0,4,6.782355820609632,0,11.090536506409418,68.33879674118742
10.33,Software Engineering,15.0,4,6.611836764104335,4,11.180339887498947,72.44030152910234
11.33,Software Engineering,15.0,4,6.970901642037768,5,11.357816691600547,75.20788238294043
12.92,Software Engineering,15.0,4,6.790941370607854,4,11.04536101718726,75.20741836634264
9.08,Software Engineering,15.0,4,6.723801835557561,9,10.816653826391969,71.60709580234038
11.58,Software Engineering,15.0,4,6.727549135655336,0,11.090536506409418,72.7800825988291
12.5,Software Engineering,15.0,4,6.508311918066484,0,10.908712114635714,72.6166232600563
17.5,Software Engineering,15.0,4,6.469150457589503,4,10.583005244258365,77.74602032102413
13.5,Software Engineering,5.0,3,3.717118474327479,0,7.483314773547883,52.76407624606958
9.5,Software Engineering,7.0,4,5.579623748942101,0,9.9498743710662,63.12456240267087
11.5,Software Engineering,15.0,3,6.845439148624983,0,11.0,70.7402531076503
11.5,Software Engineering,15.0,4,6.945584517178859,0,11.269427669584644,73.80525201972253
6.17,Software Engineering,14.0,4,6.385036783552874,0,10.723805294763608,65.02476305728561
9.75,Software Engineering,15.0,4,6.650800704351473,0,10.723805294763608,69.58497156215384
6.08,Software Engineering,15.0,4,6.637472434742788,0,10.954451150103322,66.41759111308886
16.25,Software Engineering,15.0,3,6.455718216898877,5,11.269427669584644,76.69821082676125
5.0,Software Engineering,15.0,4,6.506451281402727,0,11.135528725660045,65.4850384529638
10.0,Software Engineering,13.0,1,6.145272851413521,0,9.327379053088816,58.09427942256342
12.25,Software Engineering,13.0,4,6.521280200980099,10,10.63014581273465,73.79732431640028
17.5,Software Engineering,15.0,4,6.56617258595916,4,10.63014581273465,78.142854584288
17.5,Software Engineering,15.0,4,6.540886782628743,4,10.63014581273465,78.07590421742684
15.5,Software Engineering,15.0,4,6.527360092210966,0,10.816653826391969,75.51376810016527
2.83,Software Engineering,15.0,3,6.633498929379359,0,11.224972160321824,61.830155524344434
9.08,Software Engineering,15.0,4,6.847517931975661,0,10.862780491200215,69.8215989574412
9.25,Software Engineering,11.0,3,5.567613556090628,0,6.6332495807108,51.52016029557425
15.42,Software Engineering,15.0,3,6.387753298020226,0,9.848857801796104,70.18786630747344
10.0,Software Engineering,15.0,3,6.715748569793634,9,11.357816691600547,72.14910203576791
6.58,Software Engineering,14.0,3,6.657752684725953,22,10.954451150103322,70.3579547162802
4.17,Software Engineering,15.0,4,6.616499584415169,3,11.224972160321824,65.92874558865523
14.08,Software Engineering,15.0,4,6.495465159384972,0,10.723805294763608,73.67688260343698
11.33,Software Engineering,15.0,4,6.771767457435221,0,11.532562594670797,73.94938717381001
14.5,Software Engineering,15.0,4,6.831034586367197,8,11.269427669584644,78.62195297908904
15.42,Software Engineering,13.0,3,6.490609188101727,0,10.583005244258365,72.37297090716113
11.42,Software Engineering,15.0,4,6.788911719895726,0,11.04536101718726,72.64204436821406
5.58,Software Engineering,15.0,4,6.937904512378156,5,11.31370849898476,69.00957210565662
13.33,Software Engineering,14.0,4,6.1679476771491935,10,10.954451150103322,75.08107581078568
10.58,Software Engineering,15.0,4,6.206890551101569,5,10.04987562112089,68.5221416313988
14.5,Software Engineering,15.0,4,6.689104317615406,0,11.04536101718726,75.58097978817244
9.5,Software Engineering,13.0,3,6.343823074453596,0,10.04987562112089,64.24483740950981
14.5,Software Engineering,15.0,1,6.310804349958439,0,11.0,68.44467633361069
4.0,Data Science,15.0,4,6.09648260737675,0,9.899494936611664,59.69018020616227
10.08,Data Science,12.0,4,5.8100988908453175,0,7.937253933193772,59.02988022981962
6.58,Data Science,10.0,4,5.326067354516454,0,5.385164807134504,46.26533323402483
16.58,Data Science,15.0,3,6.2325968029936165,0,10.295630140987,72.30976716005424
17.25,Data Science,15.0,4,5.7309145142494335,0,9.055385138137416,69.99637295392407
8.0,Data Science,15.0,5,6.491244627884669,0,9.38083151964686,65.35567349983826
16.33,Data Science,15.0,3,5.783078369461833,0,8.366600265340756,65.13292059213119
6.58,Data Science,15.0,4,6.368772069146986,0,8.18535277187245,58.00562592001522
22.33,Data Science,13.0,4,6.005518161501793,3,6.244997998398398,68.14689939279567
3.0,Data Science,6.0,4,5.04781917976594,0,8.831760866327848,51.50384578316528
5.25,Data Science,15.0,4,5.986998684968848,0,8.660254037844387,57.02140822506314
26.5,Data Science,15.0,4,5.918324965243867,0,7.54983443527075,74.08311805689165
10.17,Data Science,14.0,4,6.429698152223091,4,10.488088481701515,69.6032516163358
9.83,Data Science,15.0,4,6.136249232813816,0,8.774964387392123,62.52032183138766
16.0,Data Science,10.0,4,5.723124487165428,0,7.211102550927978,62.534030021824435
15.58,Data Science,15.0,4,6.437211118657341,0,10.392304845413264,74.09852820141091
15.58,Data Science,15.0,4,6.467755427223866,0,10.392304845413264,74.17940175078277
20.58,Data Science,15.0,4,6.811788555676458,0,10.535653752852738,80.71586819612274
16.5,Data Science,7.0,4,4.938162382849216,0,8.12403840463596,63.2858475976002
19.5,Data Science,15.0,4,6.137793919686345,0,10.04987562112089,76.3659913504973
11.0,Data Science,15.0,4,6.319966601017761,0,9.9498743710662,67.71146837444533
13.08,Data Science,15.0,4,6.075418111247986,0,7.937253933193772,63.25237794797239
10.0,Data Science,15.0,4,5.999310001039394,0,7.745966692414834,59.279796037005326
18.5,Data Science,15.0,4,6.701943542970254,0,10.862780491200215,79.2329550535183
9.42,Data Science,14.0,3,5.562278420033721,0,5.0990195135927845,47.52822485937734
22.17,Data Science,15.0,4,6.49426003635718,0,10.583005244258365,81.66930409012801
17.58,Data Science,15.0,4,6.104467633277059,0,8.888194417315589,70.83231385327721
17.58,Data Science,15.0,4,6.064364244372901,0,9.0,71.0580431951758
19.33,Data Science,14.0,4,6.0065422105334685,0,7.874007874011811,69.24892264705827
13.5,Data Science,15.0,4,6.178760093925478,0,8.774964387392123,66.44967976398797
15.92,Data Science,15.0,4,6.010239813411319,0,9.0,69.18833548761839
12.33,Data Science,15.0,4,5.929617679754525,0,7.416198487095663,60.53949842716017
13.08,Data Science,15.0,4,6.075418111247986,0,7.937253933193772,63.25237794797239
20.67,Data Science,15.0,3,6.875423185975474,0,10.488088481701515,78.83675131175704
15.58,Data Science,15.0,4,6.435745719924699,0,10.295630140987,73.80765374954709
10.92,Data Science,15.0,4,6.378288958162592,0,8.366600265340756,63.082486629375154
9.75,Data Science,15.0,5,6.955374285156405,4,10.908712114635714,73.94033054019984
12.83,Data Science,15.0,3,6.614350152100007,0,9.9498743710662,68.39412103747941
16.17,Data Science,15.0,4,6.719805326085728,0,10.816653826391969,76.72011406317999
18.75,Data Science,15.0,4,5.703414483248229,0,8.717797887081348,70.48137768414603
14.42,Data Science,12.0,4,6.065505766246004,0,8.54400374531753,66.02096724115708
12.0,Data Science,15.0,4,6.310382474242431,5,9.1104335791443,67.48407669394066
21.5,Data Science,15.0,4,5.848870927570274,0,8.12403840463596,71.9638385309288
11.58,Data Science,15.0,4,6.440733131600189,0,10.583005244258365,70.51397847976891
13.42,Data Science,15.0,4,6.3215443291837055,0,10.583005244258365,72.11199688865814
15.25,Data Science,15.0,3,6.1007293358937975,0,9.1104335791443,67.05896858277572
11.08,Data Science,11.0,3,6.108140818999891,0,8.306623862918075,59.82222020893093
2.58,Data Science,14.0,3,5.3545099627104005,0,6.244997998398398,43.26652882915683
12.42,Data Science,15.0,4,6.475463540915196,0,10.44030650891055,71.05591155110763
19.0,Data Science,10.0,3,5.935847863905448,0,8.660254037844387,68.51930721246352
18.08,Data Science,15.0,5,5.777584948117855,0,7.810249675906654,69.28675897317432
12.75,Data Science,11.0,4,6.380849483794446,0,10.04987562112089,69.45620724405804
13.5,Data Science,15.0,4,6.130917246343739,0,9.219544457292889,67.6428117170469
14.08,Data Science,10.0,4,6.450635408385548,0,10.04987562112089,70.89084926439122
15.5,Data Science,15.0,4,6.435745719924699,0,10.295630140987,73.72445374954708
14.67,Data Science,15.0,4,6.091894669103076,0,7.54983443527075,63.799486424070224
22.17,Data Science,15.0,4,6.344813988447433,0,10.583005244258365,81.27360901954769
21.25,Data Science,15.0,4,6.176988345836631,0,8.54400374531753,73.81934471701933
11.17,Data Science,15.0,3,5.88092210696727,0,9.0,61.905935138499984
15.58,Data Science,15.0,4,6.435745719924699,0,10.295630140987,73.80765374954709
17.08,Data Science,14.0,3,6.263738039051923,0,10.295630140987,72.77888788805205
9.75,Data Science,15.0,4,6.7455459377394895,0,10.583005244258365,69.41784515383655
23.17,Data Science,15.0,4,5.802765392935967,0,5.477225575051661,65.72107212495379
12.0,Data Science,15.0,4,6.571096179735204,0,10.295630140987,70.44282729302239
6.58,Data Science,15.0,4,6.368772069146986,0,8.18535277187245,58.00562592001522
4.92,Data Science,9.0,4,5.644198315724244,0,6.855654600401044,49.61331573070911
11.83,Data Science,15.0,4,6.122198286033127,0,9.273618495495704,66.04345363293906
21.33,Data Science,15.0,4,6.176988345836631,0,8.54400374531753,73.90254471701934
14.0,Data Science,15.0,4,6.190582431288119,0,8.831760866327848,67.16959180851845
13.75,Data Science,10.0,4,5.932088412527483,0,8.18535277187245,63.63953215504699
9.75,Data Science,14.0,4,7.388365779529621,4,11.357816691600547,74.28668775651853
19.92,Data Science,15.0,4,6.087620304748966,0,8.18535277187245,71.13480765795157
14.5,Data Science,15.0,4,6.213060133987812,0,9.746794344808963,70.46553147370959
17.58,Data Science,15.0,4,6.107027662365957,0,8.717797887081348,70.33324258115678
10.25,Data Science,15.0,4,6.265068194604112,0,10.0,66.93491738946646
5.58,Data Science,15.0,5,5.991318697716817,4,10.0,64.35329844639506
11.5,Data Science,10.0,4,4.441837000734982,4,4.795831523312719,48.2913855876055
6.67,Data Science,11.0,3,5.978459670217034,0,7.3484692283495345,52.048021018199975
8.67,Data Science,9.0,4,5.617289266806976,0,9.433981132056603,61.0962454973551
21.5,Data Science,15.0,4,5.848870927570274,0,8.12403840463596,71.9638385309288
17.92,Data Science,15.0,3,6.466374750921887,0,10.295630140987,74.32235162233633
14.83,Data Science,15.0,4,5.765270352963224,0,5.744562646538029,57.74182801503434
12.33,Data Science,15.0,4,6.402227436917489,0,10.14889156509222,69.90328874862672
16.25,Data Science,15.0,4,5.996899183808601,0,10.14889156509222,72.90688277252104
10.5,Data Science,15.0,4,6.238096771526524,0,10.488088481701515,68.57247329493873
10.08,Data Science,15.0,4,6.17436640885786,9,9.848857801796104,68.31927217514945
5.0,Data Science,15.0,4,6.511719655932238,0,9.9498743710662,61.979181623872954
14.33,Data Science,15.0,4,6.278027214158996,0,9.746794344808963,70.460747754724
16.75,Data Science,15.0,4,5.597790283795316,0,6.4031242374328485,61.250229727656006
22.33,Data Science,14.0,3,6.142886538576672,0,8.54400374531753,72.7189184838778
26.5,Data Science,15.0,4,6.102166203838402,0,8.888194417315589,78.54302025430351
16.58,Data Science,11.0,4,6.358994336578514,0,9.797958971132712,72.63368518276414
10.5,Data Science,15.0,4,6.238096771526524,0,10.488088481701515,68.57247329493873
10.42,Data Science,15.0,4,6.584093513506796,0,10.723805294763608,70.10514791128661
15.17,Data Science,15.0,4,6.372022018331776,0,9.797958971132712,71.73511249919676
10.5,Data Science,15.0,3,6.066200771734955,0,10.535653752852738,66.25854164733155
21.17,Data Science,7.0,4,4.317426801583688,0,5.385164807134504,58.36830995314739
19.33,Data Science,14.0,4,6.0065422105334685,0,7.874007874011811,69.24892264705827
12.83,Data Science,15.0,3,6.628922635659641,0,9.9498743710662,68.43270526229708
18.75,Data Science,15.0,4,6.303869949362393,0,9.1104335791443,73.2368331868148
10.58,Data Science,15.0,4,6.382266212513229,0,8.774964387392123,63.951712132487515
19.33,Data Science,15.0,4,6.331739370029043,0,9.848857801796104,76.1059556930413
14.5,Data Science,15.0,4,6.023232066425879,0,8.602325267042627,66.56537409306378
26.33,Data Science,15.0,4,5.785739120404838,0,6.708203932499369,71.23354864604556
14.5,Data Science,15.0,4,5.901622000318929,0,7.681145747868608,63.508711665963006
7.25,Data Science,15.0,4,6.076439985996521,0,7.810249675906654,56.81485099434638
12.25,Data Science,15.0,4,6.505891754864361,0,10.0,69.65255683866843
0.0,Data Science,15.0,3,5.7783220426250494,0,7.071067811865476,44.29113005233978
20.75,Data Science,15.0,4,6.278689702174402,0,8.831760866327848,74.42287742068157
16.67,Data Science,14.0,4,6.45543488613559,0,10.44030650891055,75.28954744126669
12.5,Data Science,15.0,3,5.360980094209211,0,7.681145747868608,57.99722960143926
10.92,Data Science,15.0,4,6.130986560092767,0,9.643650760992957,66.21882319352055
10.5,Data Science,15.0,4,6.428490126560468,0,9.273618495495704,65.47123641335244
7.5,Data Science,15.0,4,5.574804928901003,0,7.3484692283495345,54.37577940840744
4.0,Data Science,15.0,4,6.309312047770366,0,10.04987562112089,60.700127667564686
9.17,Data Science,14.0,4,6.262560751337223,0,9.1104335791443,63.03092361866758
11.0,Data Science,11.0,4,5.706417349023347,0,6.324555320336759,54.791268695517005
10.0,Data Science,15.0,4,6.271227870961889,0,10.099504938362076,66.98662309866198
16.33,Data Science,8.0,4,5.407892742685363,0,6.928203230275509,60.936077734123664
21.67,Data Science,15.0,4,5.982503691554902,0,10.099504938362076,78.35895501036777
12.83,Data Science,11.0,4,5.521310121648151,0,6.4031242374328485,56.437596404646854
0.5,Data Science,8.0,4,4.8552549205068125,0,5.385164807134504,38.42887515921306
16.83,Data Science,15.0,3,5.7824828287750005,0,6.782329983125268,60.94818194959167
13.25,Data Science,15.0,4,6.127267588523756,0,10.198039027185567,70.2779672694889
22.83,Data Science,15.0,4,6.126425033209724,0,8.888194417315589,76.35045145569384
9.83,Data Science,15.0,4,6.136249232813816,0,8.774964387392123,62.52032183138766
20.25,Data Science,14.0,4,5.818062196616806,0,6.244997998398398,64.87069707661982
20.83,Data Science,15.0,4,6.19928422971817,0,10.198039027185567,78.35184899255185
12.58,Data Science,15.0,3,6.1133503518386245,0,7.874007874011811,60.64505673426513
17.0,Data Science,15.0,4,6.229008311785711,0,8.48528137423857,69.36275350947813
13.75,Data Science,15.0,4,5.497334941505715,0,7.0,59.63617151721488
13.25,Data Science,15.0,4,6.127267588523756,0,10.198039027185567,70.2779672694889
16.25,Data Science,15.0,4,5.587529410816211,0,7.615773105863909,64.30300525975011
18.08,Data Science,14.0,4,5.982610786272277,0,7.416198487095663,66.52647734240817
12.0,Data Science,11.0,3,5.149179862438994,0,6.557438524302,53.04719710512358
11.5,Data Science,15.0,4,6.184314428488918,0,9.219544457292889,65.70419385497058
18.92,Data Science,15.0,4,6.040380669673594,0,7.874007874011811,69.0454516014539
7.58,Data Science,12.0,4,6.050862919398236,0,6.782329983125268,53.63878407247716
12.92,Data Science,15.0,4,6.068035136558893,0,9.16515138991168,66.71164131495405
15.17,Data Science,15.0,3,5.955869826036694,0,6.6332495807108,59.23829734187521
1.17,Data Science,15.0,4,5.989006332831464,0,7.416198487095663,49.09034445406843
13.92,Data Science,15.0,4,5.552003380421658,0,6.48074069840786,58.416214649921926
13.33,Data Science,15.0,4,6.448815803002558,0,9.9498743710662,70.47582824308489
20.83,Data Science,15.0,4,6.236786964610826,0,10.198039027185567,78.45114668250659
8.5,Data Science,15.0,4,6.003806892759501,0,6.4031242374328485,53.74525829474054
15.0,Data Science,15.0,4,6.310562433489737,0,9.0,69.02671329265851
3.17,Data Science,8.0,3,5.098037183675986,0,5.0990195135927845,38.99903230891389
1.25,Data Science,11.0,4,5.7317298399222665,0,7.416198487095663,47.95900849648209
12.0,Data Science,8.0,4,5.233355689034967,0,7.3484692283495345,57.21837545588999
19.17,Data Science,15.0,4,6.082085410974467,0,8.717797887081348,71.92080185232635
7.17,Data Science,15.0,4,5.96574964556252,0,6.708203932499369,53.1669706675291
0.0,Data Science,15.0,4,6.009089690631115,0,8.06225774829855,49.844651166683384
17.75,Data Science,15.0,3,6.413344518361942,0,10.198039027185567,73.71542611518605
18.75,Data Science,15.0,4,6.543233175501811,5,10.44030650891055,79.06854828239642
9.92,Data Science,15.0,4,5.945777480656592,0,8.0,59.80899439532243
19.67,Data Science,15.0,4,6.17436640885786,0,8.06225774829855,70.73906182015152
0.0,Data Science,4.0,3,1.2,0,0.0,9.710627690311808
9.75,Data Science,15.0,4,6.238443862304804,0,9.797958971132712,65.74463156473001
27.17,Data Science,7.0,1,3.2772549813552008,0,2.8284271247461903,46.007311813523174
17.92,Data Science,12.0,4,6.202445240195992,0,9.16515138991168,71.86752503479323
16.0,Data Science,15.0,4,6.320688886436266,0,8.0,67.12486430694796
26.33,Data Science,12.0,4,6.301689228914657,0,9.486832980505138,80.4484615133077
15.0,Data Science,15.0,4,6.310562433489737,0,9.0,69.02671329265851
17.33,Data Science,15.0,1,4.1772549813552,0,2.8284271247461903,41.4801492479237
12.0,Data Science,15.0,4,6.02462985194399,0,6.928203230275509,58.99917384827921
4.0,Data Science,8.0,4,5.672525895377211,0,10.44030650891055,59.23980384262977
5.58,Data Science,10.0,4,6.004989878386718,0,8.94427190999916,57.588730508640026
19.33,Data Science,15.0,4,6.369502144372908,0,9.848857801796104,76.20594190123013
14.17,Data Science,15.0,3,6.207026196901005,4,9.327379053088816,67.86125321934836
14.17,Data Science,15.0,3,6.229192294673476,4,9.0,66.94806589025228
20.42,Data Science,15.0,3,6.188181981556977,0,8.888194417315589,72.00756812526714
8.75,Data Science,14.0,4,7.388365779529621,4,11.357816691600547,73.24668775651854
8.08,Data Science,12.0,4,5.7385331407974345,0,6.708203932499369,53.11175923552704
6.17,Data Science,15.0,4,5.912763371759255,0,6.244997998398398,50.61157500110261
2.08,Data Science,15.0,4,6.177307613877812,0,8.0,52.26842721678431
13.5,Software Engineering,11.0,4,6.775573133008436,0,11.0,74.10193236001444
6.5,Software Engineering,15.0,4,7.1029850840149855,0,11.445523142259598,69.54477643709768
6.83,Software Engineering,15.0,4,6.917027990260143,0,11.532562594670797,69.65400006650692
11.08,Software Engineering,15.0,3,6.6537256746243365,0,11.357816691600547,70.85808120674719
0.0,Software Engineering,15.0,3,6.149972941647722,0,10.677078252031311,55.98019044733876
1.0,Software Engineering,11.0,4,6.064573121965661,0,8.94427190999916,53.11662509496823
10.92,Software Engineering,15.0,4,6.746849389261719,0,11.31370849898476,72.80730680186521
15.42,Software Engineering,15.0,4,7.22031904933627,0,11.357816691600547,78.87187615022519
2.17,Software Engineering,13.0,3,6.8244022664833,0,10.816653826391969,60.17039345358201
15.17,Software Engineering,11.0,4,5.2906374499088,0,10.0,68.93833963414417
10.67,Software Engineering,15.0,4,6.668849106080143,0,11.0,71.40948765292005
17.83,Software Engineering,15.0,4,5.48735318057167,0,8.18535277187245,67.37185320267805
8.5,Software Engineering,15.0,4,7.016250633615971,2,11.489125293076055,72.02456571963864
11.75,Software Engineering,10.0,4,6.436023721827082,0,8.717797887081348,64.47447368381843
2.0,Software Engineering,15.0,4,6.963124808625915,0,10.862780491200215,62.76449652144849
4.67,Software Engineering,15.0,4,6.377171396681469,0,11.31370849898476,65.32849363542825
16.42,Software Engineering,14.0,4,6.749362989897373,0,10.770329614269007,76.78752100156255
2.5,Software Engineering,14.0,4,5.512122095702802,0,5.744562646538029,44.11502257397395
31.0,Software Engineering,15.0,4,6.657353773780299,3,11.090536506409418,87.30102315951942
22.67,Software Engineering,8.0,4,5.978800107343908,0,11.0,81.12908032815065
9.75,Software Engineering,15.0,4,7.054120071417586,0,11.269427669584644,72.27262652306771
14.42,Software Engineering,15.0,4,7.054271093435458,0,11.180339887498947,76.86535494403346
13.5,Software Engineering,15.0,4,6.324801019832584,0,10.63014581273465,72.34376415513049
0.83,Software Engineering,6.0,4,5.344190054113203,0,11.269427669584644,57.268367360726614
3.42,Software Engineering,4.0,0,3.083850826548761,0,4.242640687119285,24.850347879449405
2.0,Software Engineering,3.0,3,3.019094821251469,0,6.164414002968976,34.773851119109715
17.08,Software Engineering,15.0,3,6.703303513260543,0,11.135528725660045,76.56945302416418
15.92,Software Engineering,15.0,4,6.320527174804175,0,10.14889156509222,73.42056726381314
10.25,Software Engineering,15.0,3,7.169117018456965,0,11.40175425099138,71.4899419438966
1.67,Software Engineering,11.0,4,6.5791941216875385,0,10.44030650891055,59.61723037521935
8.92,Software Engineering,15.0,4,6.853139200753599,0,11.40175425099138,71.27011316296387
0.5,Software Engineering,3.0,3,0.8999999999999999,0,8.0,33.05226079877304
3.75,Software Engineering,11.0,3,6.370695073879595,0,10.583005244258365,59.6520022084611
9.0,Software Engineering,15.0,4,6.70831567824264,0,10.954451150103322,69.64196597792397
12.42,Software Engineering,15.0,4,7.327847815742831,0,11.135528725660045,75.37668726413088
11.83,Software Engineering,15.0,1,6.394264248822355,0,10.535653752852738,64.51037017606534
10.0,Software Engineering,15.0,3,7.022957536462978,0,11.40175425099138,70.8429488627646
12.83,Software Engineering,14.0,4,6.70796887610223,0,11.0,73.62613350670127
14.08,Software Engineering,13.0,4,6.614635672046643,0,11.31370849898476,75.4769718871797
8.42,Software Engineering,15.0,4,6.565121729987167,0,11.04536101718726,68.92950547481011
8.42,Software Engineering,14.0,4,6.620849704567336,0,10.44030650891055,67.1475237489032
5.0,Software Engineering,15.0,4,6.711667058943849,0,10.3440804327886,63.67885568142058
17.5,Software Engineering,15.0,4,6.630415148186751,0,10.63014581273465,77.31295252632431
5.0,Software Engineering,15.0,4,6.939919330872113,0,11.31370849898476,67.16170683184927
13.17,Software Engineering,15.0,4,6.107622874202953,0,11.0,72.52350353664364
12.92,Software Engineering,15.0,4,7.535382765073228,2,11.532562594670797,78.12484601369385
11.17,Software Engineering,15.0,4,6.959312477280303,0,11.489125293076055,74.15060798395359
1.08,Software Engineering,6.0,3,4.899373073430784,0,9.1104335791443,47.94128318823864
8.92,Software Engineering,15.0,4,6.983479681196535,0,11.40175425099138,71.6152215571282
10.08,Software Engineering,15.0,4,7.216257246328357,0,11.704699910719626,74.33730030263163
13.5,Software Engineering,2.0,4,2.470641582448652,0,8.426149773176359,53.86268064937628
9.33,Software Engineering,15.0,4,7.228478012906226,0,11.489125293076055,72.94968976515138
4.5,Software Engineering,5.0,4,4.137013278402414,0,9.848857801796104,53.53834667134235
14.33,Software Engineering,15.0,4,7.137507043877531,0,11.180339887498947,76.99214254039791
16.42,Software Engineering,12.0,4,6.029249096825717,0,9.0,69.35866722838736
12.33,Software Engineering,15.0,4,7.103100591948536,0,11.135528725660045,74.68801385920737
12.92,Software Engineering,15.0,4,6.205303435287286,0,9.055385138137416,66.74923398877962
12.5,Software Engineering,15.0,4,6.797191464240356,0,11.0,73.65250552820652
8.92,Software Engineering,15.0,4,6.983479681196535,0,11.40175425099138,71.6152215571282
9.33,Software Engineering,15.0,4,7.200966180433386,0,11.31370849898476,72.35609240019764
11.17,Software Engineering,15.0,4,7.186935412160559,0,11.575836902790224,75.01071293540186
7.0,Software Engineering,15.0,4,6.709267651660058,0,11.180339887498947,68.23507370345752
2.33,Software Engineering,5.0,3,4.323903704557178,0,8.12403840463596,44.65598040404825
21.0,Software Engineering,15.0,4,6.346361996787312,0,9.9498743710662,78.18135665946934
13.5,Software Engineering,7.0,3,4.872591277756136,0,7.54983443527075,56.28761493676076
10.83,Software Engineering,15.0,0,6.949918784121978,0,11.090536506409418,64.5888607898594
12.5,Software Engineering,15.0,4,6.744139553928328,0,11.224972160321824,74.17990371770445
13.83,Software Engineering,15.0,4,6.302021234886054,0,10.14889156509222,71.19796824841944
3.08,Software Engineering,8.0,4,6.085458495299595,0,10.862780491200215,60.63052633424698
4.58,Software Engineering,15.0,0,5.517192076989121,0,5.830951894845301,38.68144034061807
5.58,Software Engineering,15.0,4,7.279169901592117,0,11.445523142259598,69.05446895932528
17.5,Software Engineering,15.0,4,6.62125146645662,0,11.135528725660045,78.78900010309032
3.0,Software Engineering,15.0,4,6.402677556938134,0,10.908712114635714,62.456930377126184
8.08,Software Engineering,15.0,3,6.597972202472985,0,11.224972160321824,67.19608980024316
2.75,Software Engineering,10.0,4,5.998707022078119,0,9.746794344808963,57.01131236298339
19.5,Software Engineering,15.0,3,5.606479210749988,0,7.0,63.90515774285353
9.92,Software Engineering,15.0,4,7.471415534566371,0,11.789826122551595,75.09920534718255
7.42,Software Engineering,15.0,3,7.350620584250981,0,11.445523142259598,69.15725216833717
12.42,Software Engineering,13.0,4,6.534882308631324,0,10.63014581273465,71.51013923296965
2.33,Software Engineering,9.0,4,5.253971507957035,0,7.14142842854285,46.734860226469564
22.0,Software Engineering,15.0,3,6.67543276249901,0,10.954451150103322,81.07490039239627
9.33,Software Engineering,15.0,4,7.187383879924566,0,11.31370849898476,72.32012992789642
17.92,Software Engineering,10.0,4,6.58267356401594,0,10.392304845413264,76.25060904040272
9.0,Software Engineering,13.0,4,6.573536855487015,0,11.357816691600547,70.21589497129902
13.92,Software Engineering,15.0,4,6.944346158951381,0,11.269427669584644,76.31877316254912
11.33,Software Engineering,15.0,4,7.024949328950664,0,11.532562594670797,74.61974828352272
9.5,Software Engineering,15.0,4,6.782662738935586,5,11.269427669584644,72.54387664752149
18.5,Software Engineering,4.0,4,3.3,0,4.898979485566356,51.05430339737745
15.42,Software Engineering,15.0,4,6.163397117233412,0,11.04536101718726,75.14584102050856
12.17,Software Engineering,15.0,3,6.862737283257824,0,10.63014581273465,70.38488236695973
21.08,Software Engineering,12.0,4,5.432913389030657,0,5.830951894845301,63.21829184089808
22.92,Software Engineering,6.0,3,4.362056562395207,0,6.557438524302,61.65322842222741
6.33,Software Engineering,15.0,4,7.321146219022287,2,11.532562594670797,70.70400220633867
6.0,Software Engineering,8.0,3,5.58441765817239,0,10.583005244258365,59.510139878505996
0.0,Software Engineering,15.0,4,6.7434861558217,0,11.180339887498947,61.04567558693837
2.75,Software Engineering,15.0,4,7.021830258501644,0,11.269427669584644,64.90713132276295
15.0,Software Engineering,15.0,4,7.158445506439665,0,11.489125293076055,78.66106152548366
9.5,Software Engineering,15.0,3,7.093613277226909,0,11.445523142259598,70.63996227974565
10.5,Software Engineering,10.0,5,6.204992973861764,0,11.090536506409418,71.60662031210323
6.0,Software Engineering,15.0,0,6.48685284418659,0,11.40175425099138,59.263480184831735
4.08,Software Engineering,15.0,4,6.202011178755827,0,9.643650760992957,59.293278293591115
13.83,Software Engineering,15.0,3,6.390111868081391,0,11.135528725660045,72.36020131843041
10.25,Software Engineering,15.0,4,6.496466401957292,0,11.0,70.51626215871153
17.5,Software Engineering,8.0,4,5.740651281200154,0,9.539392014169456,70.78567255898494
11.33,Software Engineering,15.0,4,6.918306242441267,0,11.31370849898476,73.68768087859243
13.08,Software Engineering,15.0,4,6.558490232826706,2,10.583005244258365,72.88576929078654
1.83,Software Engineering,8.0,4,5.40874817171748,0,8.774964387392123,51.34075098462329
0.0,Software Engineering,15.0,4,6.395562233766779,0,10.677078252031311,58.630448340658944
25.0,Software Engineering,9.0,0,5.910045429079874,0,10.392304845413264,73.69952772583828
9.08,Software Engineering,15.0,4,7.258698927351769,0,11.532562594670797,72.89865768347757
8.42,Software Engineering,14.0,4,6.620849704567336,0,10.44030650891055,67.1475237489032
10.42,Software Engineering,15.0,4,7.267762960601829,0,11.269427669584644,73.53509847824579
1.17,Software Engineering,3.0,4,3.318097942392311,0,7.14142842854285,39.602760096725724
11.0,Software Engineering,15.0,3,6.981122116808404,0,11.445523142259598,71.90211433873925
11.67,Software Engineering,15.0,4,6.069205491678391,0,11.180339887498947,71.39715212926984
9.0,Software Engineering,15.0,4,7.516350070077857,0,11.575836902790224,73.62611904682404
9.5,Software Engineering,15.0,3,6.82079558367661,0,11.445523142259598,69.91761051457794
8.17,Software Engineering,13.0,4,6.336873786432671,0,11.269427669584644,68.46367437819576
8.67,Software Engineering,15.0,4,7.444473470282284,0,11.489125293076055,72.8351907216963
8.42,Software Engineering,14.0,4,6.620849704567336,0,10.44030650891055,67.1475237489032
9.42,Software Engineering,15.0,4,7.253801050999296,0,11.357816691600547,72.72052796267876
18.5,Software Engineering,15.0,4,6.603281367957614,0,11.0,79.37908098263958
5.42,Software Engineering,15.0,4,6.846098514086298,0,11.532562594670797,67.99979687951476
5.0,Software Engineering,15.0,4,6.289928171184236,0,10.392304845413264,62.705360469839704
3.08,Software Engineering,8.0,4,4.850089367583938,0,5.830951894845301,42.421788945519616
7.0,Software Engineering,15.0,4,7.160762037477953,0,11.180339887498947,69.4305158403464
8.0,Software Engineering,15.0,4,7.378072467748964,0,11.489125293076055,71.96257777949063
2.75,Software Engineering,15.0,4,6.2992252087641125,0,10.488088481701515,60.674325827176986
5.0,Software Engineering,15.0,4,6.660399778467037,0,11.04536101718726,65.62497747962595
9.0,Software Engineering,15.0,3,6.83090208723265,0,11.445523142259598,69.42436996184243
5.75,Software Engineering,8.0,3,5.267163085389493,0,8.18535277187245,51.292312580273986
9.25,Software Engineering,15.0,4,7.27485527662488,0,11.74734012447073,73.75583731221101
9.0,Software Engineering,15.0,4,7.273506066683619,0,11.704699910719626,73.36568059751367
7.0,Software Engineering,14.0,3,6.485306893792284,0,11.090536506409418,65.24215350875136
7.0,Software Engineering,14.0,3,6.279652406937037,0,11.180339887498947,64.96422862618219
2.67,Software Engineering,15.0,4,6.720568924181839,0,11.180339887498947,63.76179659463263
15.08,Software Engineering,14.0,3,6.433741317313562,0,10.14889156509222,70.71339614391749
10.58,Software Engineering,15.0,3,7.370035460565764,0,11.489125293076055,72.62449783151547
10.08,Software Engineering,15.0,3,6.336952475964976,0,10.392304845413264,66.11306885169027
11.17,Software Engineering,15.0,4,7.39715830355716,0,11.532562594670797,75.4388628457177
15.75,Software Engineering,15.0,4,7.026729612924961,0,11.532562594670797,79.22126202204385
6.25,Software Engineering,15.0,1,6.658019746798985,0,11.180339887498947,61.3193823043558
10.5,Software Engineering,15.0,4,6.822696838089989,0,11.445523142259598,72.96264455201029
7.25,Software Engineering,15.0,4,5.5891599152855775,2,6.855654600401044,53.19078806476669
10.42,Software Engineering,15.0,3,6.614985838954229,0,11.0,69.00687144068038
22.0,Software Engineering,15.0,3,6.67543276249901,0,10.954451150103322,81.07490039239627
11.08,Software Engineering,8.0,4,5.494763931391276,0,7.3484692283495345,56.95371790031196
0.33,Software Engineering,12.0,4,6.31420235632601,0,10.295630140987,57.225837880138506
11.08,Software Engineering,15.0,3,6.945556195332662,0,11.6619037896906,72.5335056815191
9.17,Software Engineering,15.0,3,7.33882554213815,0,11.357816691600547,70.68565115926246
8.92,Software Engineering,15.0,4,6.642604834313369,0,11.532562594670797,71.10099744582867
1.42,Software Engineering,13.0,4,6.713962069056789,0,10.198039027185567,59.26151815471224
8.0,Software Engineering,10.0,1,5.258625994195143,0,7.416198487095663,47.593016680404084
9.42,Software Engineering,15.0,4,6.900513301630544,0,11.6619037896906,72.68784357153434
11.08,Software Engineering,15.0,4,6.941018650610624,0,11.489125293076055,74.00857059041599
19.17,Software Engineering,15.0,4,6.693329308646815,2,10.246950765959598,78.57875691078769
14.33,Software Engineering,15.0,3,6.42140650601171,0,9.797958971132712,68.99227004421986
19.0,Software Engineering,10.0,4,5.915774820963362,0,9.746794344808963,73.69172901747194
12.58,Software Engineering,15.0,4,6.462750667146175,0,10.535653752852738,71.47170476812363
13.58,Software Engineering,15.0,3,6.800092482170548,0,11.31370849898476,73.71468095073796
6.0,Software Engineering,15.0,4,6.592655650579202,0,10.392304845413264,64.54690572982632
9.5,Software Engineering,15.0,3,6.82079558367661,0,11.445523142259598,69.91761051457794
9.17,Software Engineering,15.0,4,7.188771383170112,0,11.61895003862225,73.06356241488652
20.08,Software Engineering,15.0,4,5.974956293765145,0,9.746794344808963,75.6382931504476
10.92,Software Engineering,15.0,4,6.746849389261719,0,11.31370849898476,72.80730680186521
0.42,Software Engineering,2.0,4,2.0984866000496507,0,5.196152422706632,29.685341060320592
2.08,Software Engineering,15.0,4,6.819050767913272,0,10.535653752852738,61.49509668442209
9.92,Software Engineering,15.0,4,7.402730976366152,0,11.40175425099138,73.76529220237683
5.0,Software Engineering,15.0,3,6.893234385288928,0,11.0,64.10680272076931
12.5,Software Engineering,15.0,4,6.758066171110031,0,11.224972160321824,74.21677785285715
7.75,Software Engineering,14.0,4,6.317160530229128,0,8.888194417315589,61.03893713765655
12.25,Software Engineering,15.0,4,6.262536646937188,0,10.14889156509222,69.45022311635482
6.17,Software Engineering,15.0,4,5.901556757062809,0,10.535653752852738,63.31940623172482
6.33,Software Engineering,15.0,4,7.3556154901064,2,11.532562594670797,70.79526805675927
2.0,Software Engineering,11.0,4,6.580179815402367,0,11.090536506409418,61.89335284080285
0.83,Software Engineering,15.0,4,6.762831634477555,0,10.908712114635714,61.153726642300185
9.08,Cybersecurity,8.0,3,4.620474340465633,5,8.48528137423857,55.18363191774191
9.25,Cybersecurity,15.0,3,5.615445577890728,0,8.12403840463596,56.60578765900166
16.92,Cybersecurity,3.0,3,3.090977457314507,0,5.196152422706632,47.60653739377089
6.08,Cybersecurity,12.0,3,5.689669082741249,0,6.48074069840786,48.2271183658632
6.17,Cybersecurity,15.0,1,5.658360490962318,0,4.47213595499958,38.67495411309421
12.08,Cybersecurity,13.0,4,5.2821615423824415,0,4.0,48.15699673323664
16.58,Cybersecurity,4.0,1,3.273471022447328,0,3.1622776601683795,37.831582003213896
14.58,Cybersecurity,15.0,4,6.1011429833793365,0,9.746794344808963,70.25240336447841
11.08,Cybersecurity,15.0,4,5.312500760082308,0,6.164414002968976,53.88940590886651
0.75,Cybersecurity,0.0,5,0.0,0,0.0,10.78
38.0,Cybersecurity,10.0,1,4.095559206051301,0,2.449489742783178,47.4490362528917
7.25,Cybersecurity,15.0,4,5.987876642862467,0,8.366600265340756,58.23197425746016
10.5,Cybersecurity,11.0,1,5.337442665676854,0,9.219544457292889,55.88855979408126
16.08,Cybersecurity,11.0,4,5.717022913519344,4,7.14142842854285,63.52756907470629
2.33,Cybersecurity,5.0,4,3.969236163657832,0,6.782329983125268,41.733833285519324
13.42,Cybersecurity,12.0,4,6.086335843184848,0,6.244997998398398,58.211150696092055
11.67,Cybersecurity,10.0,3,5.786106908207939,0,7.416198487095663,56.80645178999301
6.58,Cybersecurity,15.0,3,5.590667767547453,0,6.855654600401044,49.99798047350237
13.92,Cybersecurity,13.0,4,6.052498219778754,0,8.717797887081348,66.11579583930553
16.25,Cybersecurity,12.0,3,4.095559206051301,4,3.605551275463989,47.0476579987289
10.83,Cybersecurity,6.0,3,4.88380552827698,0,6.6332495807108,50.686144138883506
19.67,Cybersecurity,12.0,4,3.0,0,8.602325267042627,63.537425605987686
6.08,Cybersecurity,12.0,3,5.269419744201979,0,4.69041575982343,41.799536878945396
11.17,Cybersecurity,15.0,4,5.931906716095631,9,9.055385138137416,66.4553491111929
9.5,Cybersecurity,15.0,4,6.4094578855334055,0,10.14889156509222,66.9792331349482
2.92,Cybersecurity,8.0,3,4.65588261736533,0,5.291502622129181,38.13973678154299
11.33,Cybersecurity,3.0,3,2.321380229408251,0,4.795831523312719,38.566822809477806
12.33,Cybersecurity,11.0,4,5.159717548745348,0,5.0990195135927845,51.08874620547327
11.25,Cybersecurity,15.0,1,5.813562419043569,5,5.196152422706632,47.7684489231844
2.0,Cybersecurity,2.0,3,1.4324449805019046,0,5.656854249492381,28.93270015700625
20.0,Cybersecurity,15.0,4,5.616350961256773,4,7.3484692283495345,68.48578272020647
18.5,Cybersecurity,15.0,1,5.13830339880951,0,4.242640687119285,49.4398816832194
11.5,Cybersecurity,12.0,4,5.474602633915197,0,5.744562646538029,53.1090139287951
5.25,Cybersecurity,15.0,4,5.665936997174702,0,7.54983443527075,52.87485900129546
11.25,Cybersecurity,15.0,4,5.887489142762727,0,7.810249675906654,60.47455728771884
10.33,Cybersecurity,11.0,4,5.455094708422088,0,6.928203230275509,55.22105651693499
13.67,Cybersecurity,11.0,0,4.476566955462486,0,3.1622776601683795,36.92400693560792
16.5,Cybersecurity,15.0,4,5.845548660016638,0,9.0,69.35547526068072
3.0,Cybersecurity,5.0,4,3.110228643653844,0,5.744562646538029,37.07542048125836
24.25,Cybersecurity,15.0,4,6.138056412212076,4,10.3440804327886,83.18008078895087
25.25,Cybersecurity,6.0,3,3.886360321245289,0,5.196152422706632,58.51570863144143
20.42,Cybersecurity,15.0,4,6.2738592802898,0,8.48528137423857,73.03830745042234
21.42,Cybersecurity,15.0,4,5.798061114639891,4,8.0,72.37787908184058
16.33,Cybersecurity,10.0,1,5.1888066120395,0,4.58257569495584,47.65928654849191
18.33,Cybersecurity,4.0,4,2.621380229408252,0,4.58257569495584,48.14139541724863
18.17,Cybersecurity,15.0,4,5.994754366928031,0,9.273618495495704,72.29961459543586
6.92,Cybersecurity,5.0,4,4.2101357132522015,0,7.745966692414834,50.005984896807625
23.5,Cybersecurity,15.0,3,5.841148707003869,0,7.483314773547883,70.12130063968155
16.08,Cybersecurity,11.0,3,4.095559206051301,0,2.449489742783178,42.30556958622503
5.83,Cybersecurity,13.0,4,6.578744775974222,0,10.488088481701515,64.35095578014511
0.0,Cybersecurity,15.0,4,4.979898987322333,0,2.8284271247461903,31.582146140275338
11.25,Cybersecurity,15.0,3,5.369040383430769,0,6.082762530298219,51.97351286746889
19.5,Cybersecurity,15.0,3,5.927078385246439,0,8.774964387392123,70.0232907033708
9.67,Cybersecurity,14.0,3,5.411100996507551,0,6.082762530298219,50.30834532461882
8.5,Cybersecurity,1.0,0,0.3,0,4.0,21.642301938097546
8.25,Cybersecurity,15.0,0,6.03838227327455,0,9.69535971483266,55.35033699631353
1.33,Cybersecurity,1.0,1,1.3955592060513011,0,4.69041575982343,21.135874189288927
19.83,Cybersecurity,15.0,4,5.711232073681625,0,7.937253933193772,69.30810607959744
11.75,Cybersecurity,13.0,4,4.748048428669783,0,4.0,46.399601248080444
16.08,Cybersecurity,15.0,4,5.630760366707815,0,6.0,59.44398680547839
25.5,Cybersecurity,15.0,4,6.029545486840763,0,8.831760866327848,78.18320699613707
12.92,Cybersecurity,15.0,1,5.837250499820167,4,8.306623862918075,58.55190497352273
9.42,Cybersecurity,12.0,4,5.980202339807429,4,9.327379053088816,63.92068141837209
6.5,Cybersecurity,14.0,1,5.798517828695014,0,7.745966692414834,48.97481617357595
21.92,Cybersecurity,15.0,1,5.513872791097564,0,7.3484692283495345,63.21124662707285
19.33,Cybersecurity,15.0,4,6.167313937445046,0,9.1104335791443,73.47846764841776
10.5,Cybersecurity,15.0,0,6.21655073809856,0,9.69535971483266,58.1620817112109
12.33,Cybersecurity,5.0,4,4.277418648495285,0,8.774964387392123,58.8652785596091
6.5,Cybersecurity,15.0,4,5.645427595931622,0,6.557438524302,51.174468041198146
13.83,Cybersecurity,15.0,4,5.59911939029797,0,6.855654600401044,59.560358217896145
12.25,Cybersecurity,15.0,4,5.771102028894674,0,7.874007874011811,61.39567034661916
25.25,Cybersecurity,15.0,3,5.174020391139422,0,4.58257569495584,61.30360306830286
20.58,Cybersecurity,15.0,4,5.948097695003767,0,8.54400374531753,72.51650057263902
7.42,Cybersecurity,13.0,3,5.581999249608209,0,6.4031242374328485,49.238552424478044
11.0,Cybersecurity,15.0,3,5.009699961857105,0,5.5677643628300215,49.23321585047002
10.92,Cybersecurity,15.0,4,6.022271324699972,0,8.888194417315589,63.688278963771836
11.67,Cybersecurity,9.0,4,4.596963606175672,0,8.12403840463596,57.62590680782287
18.25,Cybersecurity,2.0,0,1.7386035931884498,0,3.741657386773941,34.95775946412611
0.0,Cybersecurity,15.0,4,5.903361644378247,4,9.899494936611664,56.01884508453777
20.33,Cybersecurity,15.0,4,5.8093985813380105,4,9.1104335791443,74.57079894738874
31.17,Cybersecurity,15.0,1,4.979898987322333,0,3.1622776601683795,52.573235289370245
11.83,Cybersecurity,11.0,4,5.36096931367268,8,9.591663046625438,66.43874640367771
5.25,Cybersecurity,15.0,4,5.665936997174702,0,7.54983443527075,52.87485900129546
28.58,Cybersecurity,15.0,1,5.707097699388927,0,5.830951894845301,62.42106205929255
20.0,Cybersecurity,14.0,4,5.684880323750488,0,8.888194417315589,72.10482019426175
0.0,Cybersecurity,15.0,4,5.734415683627412,4,8.54400374531753,51.547525031860765
10.5,Cybersecurity,11.0,1,5.337442665676854,0,9.219544457292889,55.88855979408126
27.83,Cybersecurity,9.0,1,3.8386035931884495,0,3.741657386773941,50.471357922171784
18.5,Cybersecurity,8.0,1,4.649964760915225,0,4.898979485566356,49.16199957819058
15.42,Cybersecurity,14.0,3,5.561667763391702,4,6.324555320336759,58.40480866084834
17.42,Cybersecurity,15.0,4,5.516906748935089,0,6.48074069840786,61.963287708945906
20.92,Cybersecurity,12.0,4,5.365307576191899,0,6.164414002968976,63.86282490789568
2.0,Cybersecurity,15.0,4,5.3862139415439785,0,5.291502622129181,42.050001444074184
12.0,Cybersecurity,15.0,4,6.662791309669704,0,10.677078252031311,71.81800286973139
14.75,Cybersecurity,10.0,4,5.441616543235135,4,7.483314773547883,62.2967745652034
12.42,Cybersecurity,8.0,4,4.394684329905093,0,3.741657386773941,44.727184744500306
5.08,Cybersecurity,15.0,4,5.507938271806637,0,5.830951894845301,47.17693862146233
12.17,Cybersecurity,15.0,3,5.568380524251364,0,5.0,50.24375961707675
14.17,Cybersecurity,12.0,4,5.463027796518051,0,8.48528137423857,63.991432202215286
7.17,Cybersecurity,14.0,4,6.287290496101686,0,9.69535971483266,62.75284923947537
12.33,Cybersecurity,15.0,4,5.301773167214522,0,5.916079783099616,54.42378179875886
14.08,Cybersecurity,12.0,4,5.329629974666313,4,5.656854249492381,56.14798673205606
23.58,Cybersecurity,11.0,4,5.077482658388309,0,5.5677643628300215,63.96255383312783
17.08,Cybersecurity,9.0,3,4.692206798628463,0,4.47213595499958,50.66322521757231
13.25,Cybersecurity,15.0,4,5.5640629378251045,0,5.291502622129181,54.220900287639445
32.42,Cybersecurity,13.0,4,5.178514007973934,0,5.0990195135927845,64.58198110867174
22.75,Cybersecurity,9.0,4,4.887746826865453,0,6.782329983125268,65.93594890804776
8.5,Cybersecurity,15.0,4,6.302830162494137,0,9.848857801796104,64.7662114747368
7.67,Cybersecurity,15.0,4,6.6385028883628365,4,10.677078252031311,68.25049331643287
8.25,Cybersecurity,14.0,4,6.396667797654039,4,10.63014581273465,67.94071574481909
1.17,Cybersecurity,2.0,3,1.7386035931884498,0,2.6457513110645907,19.941185559276196
7.42,Cybersecurity,15.0,4,6.500233896090695,4,10.583005244258365,67.34512134914523
13.0,Cybersecurity,15.0,4,5.396974280409843,0,5.291502622129181,53.51849208070559
10.0,Cybersecurity,15.0,4,6.264388982817672,9,10.816653826391969,71.34748758189552
25.83,Cybersecurity,15.0,4,5.994278317920131,10,10.246950765959598,84.79104793739093
29.58,Cybersecurity,15.0,4,6.133253256764885,5,8.48528137423857,78.6792185128366
13.25,Cybersecurity,15.0,0,5.501463221688915,0,6.782329983125268,50.48091360642924
16.25,Cybersecurity,15.0,4,6.174973254506103,0,10.392304845413264,74.10098912978273
4.25,Cybersecurity,15.0,4,5.396974280409843,0,5.291502622129181,44.41849208070559
9.08,Cybersecurity,14.0,4,5.791278773790653,5,6.557438524302,55.36051147817329
14.25,Cybersecurity,15.0,4,6.192610948478636,4,9.746794344808963,71.15138723894033
15.0,Cybersecurity,8.0,3,5.444983751071595,0,9.0,63.80154807335182
14.67,Cybersecurity,15.0,3,6.39223382406879,0,10.535653752852738,71.45859412847219
16.5,Cybersecurity,15.0,3,5.599006456984712,5,7.280109889280518,62.84692316934793
15.0,Cybersecurity,15.0,4,7.061247724737063,0,10.908712114635714,76.68065644197777
15.5,Cybersecurity,15.0,4,5.775695387708961,0,7.280109889280518,63.024750454790194
11.17,Cybersecurity,15.0,4,6.348094196536142,0,10.04987562112089,68.25961291958552
19.5,Cybersecurity,11.0,3,5.896894011701685,4,7.615773105863909,66.9687905936187
14.67,Cybersecurity,15.0,3,6.279115093558785,4,10.770329614269007,72.85575767871455
8.33,Cybersecurity,15.0,4,6.056882034535247,0,7.416198487095663,56.71646202406791
26.5,Cybersecurity,9.0,3,5.370990485165752,15,5.477225575051661,67.43104214333444
10.33,Cybersecurity,15.0,3,5.848485070183878,0,7.745966692414834,57.22365003558958
7.75,Cybersecurity,7.0,4,4.344823089560382,0,6.4031242374328485,47.50602506455449
9.33,Cybersecurity,15.0,4,5.9305554638033975,0,7.615773105863909,58.014450878460764
14.08,Cybersecurity,13.0,4,6.174712814754901,0,9.219544457292889,68.09530456069143
14.5,Cybersecurity,11.0,4,5.103603788244724,0,6.082762530298219,56.11737103745206
6.75,Cybersecurity,11.0,3,5.546300447684319,0,5.916079783099616,46.73469442239551
4.25,Cybersecurity,12.0,4,5.675049839223073,0,6.244997998398398,47.58537011318209
19.83,Cybersecurity,13.0,4,5.927274465915778,5,10.392304845413264,78.15167916043403
11.58,Cybersecurity,6.0,4,1.7999999999999998,5,0.0,26.859141535467717
13.92,Cybersecurity,10.0,3,5.867630804264204,0,6.324555320336759,56.12158753018849
22.17,Cybersecurity,14.0,1,5.427353286658512,0,6.6332495807108,60.985586826761796
7.58,Cybersecurity,5.0,1,3.834259106433759,5,5.5677643628300215,38.480814519721214
16.42,Cybersecurity,15.0,3,5.724459454084577,0,6.0,58.04567812345858
2.0,Cybersecurity,4.0,1,3.749146320691491,0,7.810249675906654,37.726103469508516
6.33,Cybersecurity,15.0,3,5.5862070731965865,14,7.681145747868608,55.676773275919174
22.08,Cybersecurity,4.0,4,3.287955078496818,5,4.47213595499958,54.72845766244598
20.5,Cybersecurity,14.0,4,5.7309145142494335,0,5.385164807134504,62.34739873074013
7.25,Cybersecurity,10.0,1,4.515230438889958,0,3.3166247903554,32.67444900373771
9.58,Cybersecurity,15.0,4,5.915815785058231,0,8.94427190999916,62.179286889038956
8.33,Cybersecurity,13.0,4,5.424154990014163,28,6.6332495807108,59.45018521852843
16.08,Cybersecurity,15.0,4,5.833436943487321,0,8.246211251235321,66.64886306812747
6.0,Cybersecurity,14.0,3,5.609609014300895,0,7.0,49.74011133215415
21.08,Cybersecurity,15.0,4,6.077588062839453,4,7.0,69.79573399057557
15.08,Cybersecurity,15.0,3,5.580823932948083,0,6.4031242374328485,57.46850715198481
19.25,Cybersecurity,15.0,4,5.717822930867596,4,8.602325267042627,71.69672849058128
16.42,Cybersecurity,7.0,4,3.437399698870056,0,2.6457513110645907,42.96583162614218
15.0,Cybersecurity,15.0,3,5.873393778475117,4,9.797958971132712,69.23807192192453
16.42,Cybersecurity,15.0,1,5.758545631643308,9,7.14142842854285,59.77444398969102
10.5,Cybersecurity,15.0,4,5.022560239372679,4,4.795831523312719,49.45565947851368
11.33,Cybersecurity,13.0,1,5.46128213322752,0,6.6332495807108,49.668488437380546
12.83,Cybersecurity,9.0,1,4.78989467805946,0,4.58257569495584,42.82973601785345
20.5,Cybersecurity,10.0,4,5.638689753016086,0,6.4031242374328485,64.59185443828814
23.42,Cybersecurity,10.0,4,4.658241848297848,0,4.47213595499958,59.300228013388555
17.08,Cybersecurity,12.0,3,6.252003182978539,5,9.899494936611664,72.5551590788736
21.58,Cybersecurity,15.0,1,6.199613168042977,0,9.433981132056603,70.86449086846413
16.42,Cybersecurity,6.0,1,4.153023508179199,0,6.244997998398398,49.41223205251678
8.0,Cybersecurity,13.0,4,5.111082214501701,0,4.58257569495584,45.19029214041158
21.67,Cybersecurity,15.0,1,5.342245650465863,0,4.58257569495584,54.28582070760215
11.0,Cybersecurity,15.0,4,5.95519410968659,0,9.746794344808963,66.14276792048562
27.25,Cybersecurity,15.0,1,5.608821731817024,0,7.280109889280518,66.46291151712867
11.33,Cybersecurity,6.0,1,2.789949493661166,0,2.0,27.907598159813613
0.0,Cybersecurity,4.0,4,3.314313542630954,0,6.48074069840786,36.547915238021524
7.58,Cybersecurity,12.0,4,5.234650329130486,0,6.324555320336759,50.118683120421885
13.25,Cybersecurity,5.0,3,1.5,0,5.0990195135927845,39.55554627567019
8.58,Cybersecurity,15.0,4,5.85881464281099,9,7.54983443527075,59.098749880518355
2.67,Cybersecurity,4.0,3,2.86325528480196,0,3.0,25.797287810798085
14.75,Cybersecurity,11.0,4,5.607855764924033,0,6.6332495807108,59.346711414773196
22.25,Cybersecurity,15.0,3,5.618344230292955,0,5.744562646538029,63.06960506465687
37.92,Cybersecurity,10.0,4,5.2799084262569504,0,5.830951894845301,66.62330700355591
1.25,Cybersecurity,8.0,3,4.7244958841866005,11,9.16515138991168,50.83415824416941
12.67,Cybersecurity,12.0,3,5.545461482320073,4,6.082762530298219,54.51743100242967
26.5,Cybersecurity,9.0,4,5.07993233261009,0,6.324555320336759,67.42582927269916
13.58,Cybersecurity,14.0,4,5.263261438350816,0,4.123105625617661,50.165746305904115
10.17,Cybersecurity,10.0,1,4.13860359318845,0,2.6457513110645907,32.72244093989982
9.08,Cybersecurity,7.0,3,4.317965180312879,0,6.244997998398398,46.34868892260089
13.33,Software Engineering,13.0,4,6.460095559882212,0,11.0,73.3564947659751
6.58,Software Engineering,15.0,3,5.722190617233234,0,7.071067811865476,50.985708334717636
9.83,Software Engineering,15.0,4,6.750745841443205,0,11.269427669584644,71.55256883227581
8.25,Software Engineering,15.0,1,4.809951182473895,0,3.872983346207417,36.813101221321624
14.17,Software Engineering,15.0,3,6.198377072873994,0,8.888194417315589,65.53456213035916
14.17,Software Engineering,15.0,3,6.204763267059484,0,8.54400374531753,64.52968563407508
11.08,Software Engineering,11.0,3,5.997290896595708,0,7.937253933193772,58.43218364943813
11.17,Software Engineering,15.0,4,7.36858896584145,2,11.445523142259598,75.60482786619669
8.83,Software Engineering,15.0,4,6.231782286236276,0,10.535653752852738,66.96015932370238
9.83,Software Engineering,15.0,4,6.598994092755243,2,10.198039027185567,68.47017890276547
8.83,Software Engineering,15.0,4,6.6429940095939966,0,10.63014581273465,68.32945814746301
11.08,Software Engineering,15.0,3,6.494728684660884,0,11.0,69.37486112591161
14.33,Software Engineering,15.0,4,6.989156422330913,0,10.908712114635714,75.79297703504254
8.58,Software Engineering,15.0,4,4.829188150826927,0,5.291502622129181,47.41833902612689
10.5,Software Engineering,15.0,4,6.027715408950478,0,8.306623862918075,61.539407541007854
24.42,Software Engineering,15.0,4,5.816072763921416,0,7.211102550927978,72.20360005118083
12.42,Software Engineering,15.0,4,5.666592612123219,0,5.830951894845301,55.230614904960674
12.42,Software Engineering,6.0,4,1.7999999999999998,0,2.6457513110645907,34.33708094002711
10.25,Software Engineering,11.0,1,3.0,0,0.0,22.069902559112858
3.58,Software Engineering,14.0,3,5.757535300009982,0,7.280109889280518,48.44653383465003
13.0,Software Engineering,15.0,4,6.635182132812485,0,11.135528725660045,74.14588495942485
7.75,Software Engineering,12.0,4,5.2054003188709626,0,6.244997998398398,49.98185780420508
9.83,Software Engineering,15.0,4,7.129597402475213,0,11.269427669584644,72.55567127144205
2.0,Software Engineering,15.0,4,6.49474984539969,0,9.486832980505138,57.43963685273495
7.42,Software Engineering,15.0,4,5.840145999945333,0,7.615773105863909,55.7886696456827
11.17,Software Engineering,15.0,4,7.276260357323803,2,11.224972160321824,74.7056240725872
22.92,Software Engineering,15.0,1,4.1772549813552,0,2.8284271247461903,47.2937492479237
14.58,Software Engineering,15.0,4,6.299108984581393,5,11.31370849898476,76.67820425088017
13.5,Software Engineering,6.0,1,4.345555650507787,0,7.483314773547883,50.561351157397226
2.0,Software Engineering,15.0,4,5.933647581762505,4,10.295630140987,59.35502576535363
12.75,Software Engineering,15.0,4,5.681576036843298,0,7.211102550927978,59.710686974533004
1.5,Software Engineering,15.0,4,5.66986181565448,0,8.54400374531753,51.936602831501155
10.17,Software Engineering,15.0,4,7.096813314658966,0,11.445523142259598,73.34523516380814
3.83,Software Engineering,13.0,4,6.116197830327536,0,10.770329614269007,61.88412759444871
8.0,Software Engineering,15.0,4,6.912623259983615,0,11.224972160321824,69.94600565811469
4.0,Software Engineering,15.0,4,6.048278306897993,0,9.9498743710662,59.712106971308785
13.67,Software Engineering,3.0,3,0.8999999999999999,0,0.0,22.999770767733857
12.25,Software Engineering,15.0,3,6.081304763657689,0,10.099504938362076,66.8237550844141
11.17,Software Engineering,15.0,3,6.501093975540412,0,10.908712114635714,69.2143119866754
18.33,Software Engineering,15.0,3,6.2729137239411,0,9.0,70.39022909899484
9.25,Software Engineering,15.0,0,6.164232075797674,0,11.269427669584644,61.39642976737936
20.42,Software Engineering,15.0,3,6.349479426546649,0,9.899494936611664,75.4368513443973
6.17,Software Engineering,12.0,4,5.88543353335106,0,8.18535277187245,55.899468584769686
9.83,Software Engineering,15.0,4,7.095389451754384,0,11.269427669584644,72.46509733078447
14.33,Software Engineering,15.0,4,6.309074788331811,0,8.717797887081348,67.48821190880264
14.25,Software Engineering,14.0,4,6.054287631173832,0,8.717797887081348,66.59706707824544
10.83,Software Engineering,15.0,3,6.100467665836636,0,10.770329614269007,67.38914479205597
9.83,Software Engineering,15.0,4,7.095389451754384,0,11.269427669584644,72.46509733078447
19.25,Software Engineering,15.0,4,6.505374737342546,0,11.180339887498947,80.43521719838341
7.58,Software Engineering,15.0,3,7.06623002539845,0,11.180339887498947,67.78341914990138
9.83,Software Engineering,15.0,4,7.233018843717866,0,10.908712114635714,71.75866261450243
8.75,Software Engineering,14.0,4,7.210470472470506,5,11.0,71.9634297454626
0.0,Software Engineering,15.0,4,7.096813314658966,0,11.445523142259598,62.76843516380814
14.08,Software Engineering,15.0,3,6.824928354943792,0,11.090536506409418,73.6379179687726
9.0,Software Engineering,12.0,1,4.095559206051301,0,2.449489742783178,31.075702919558367
4.42,Software Engineering,15.0,4,5.918335516491395,0,10.770329614269007,62.24050525010681
10.92,Software Engineering,14.0,4,6.83797798456132,0,10.908712114635714,71.71296170402407
0.83,Software Engineering,9.0,4,6.112378855855527,0,10.535653752852738,57.524009452408535
5.58,Software Engineering,15.0,4,6.2319175211680005,0,10.723805294763608,64.13907558368548
0.0,Software Engineering,4.0,3,3.021191889663004,0,9.219544457292889,41.902384360768075
10.83,Software Engineering,15.0,4,6.212029723232927,0,10.723805294763608,69.54641776022561
5.58,Software Engineering,15.0,4,6.2319175211680005,0,10.723805294763608,64.13907558368548
9.75,Software Engineering,15.0,3,6.779678636923315,0,10.816653826391969,68.2018433403949
1.67,Software Engineering,13.0,1,5.861683720586299,0,7.681145747868608,43.793098606944746
1.67,Software Engineering,8.0,4,5.664930266179074,0,10.677078252031311,57.49938765095519
10.5,Software Engineering,15.0,4,6.843855903421361,0,11.31370849898476,72.62735534355653
5.58,Software Engineering,15.0,4,6.159179104332692,0,10.723805294763608,63.9464827825635
9.33,Software Engineering,15.0,4,6.988471410649833,0,11.090536506409418,71.13093832545411
8.42,Software Engineering,15.0,4,7.016533336927948,0,10.583005244258365,68.75215076571469
6.08,Software Engineering,14.0,4,5.990645777968865,0,7.0,52.832199631323796
0.83,Software Engineering,8.0,4,5.730766833529062,0,10.535653752852738,56.380264681497685
5.58,Software Engineering,15.0,4,6.111231270197447,0,10.723805294763608,63.81952913020746
9.67,Software Engineering,15.0,4,6.741874499203728,3,10.816653826391969,70.7685476125225
12.5,Software Engineering,15.0,4,7.169093976624169,0,11.445523142259598,75.9598159466254
15.33,Software Engineering,15.0,3,5.979818555501945,0,9.38083151964686,67.62474752167718
24.08,Software Engineering,15.0,4,6.123602445750603,0,11.224972160321824,84.58007950761376
24.08,Software Engineering,15.0,4,6.115132518419405,0,11.224972160321824,84.55765329735257
8.83,Software Engineering,15.0,4,6.843855903421361,0,11.135528725660045,70.36159995426235
10.08,Software Engineering,15.0,4,7.236229904225725,0,11.357816691600547,73.36040404143766
12.58,Software Engineering,12.0,4,6.26484288805404,0,10.392304845413264,70.1221410293957
26.5,Software Engineering,15.0,1,5.981023092777589,0,9.591663046625438,74.31062421482204
0.33,Software Engineering,9.0,3,5.054509962710401,0,10.14889156509222,51.0548761439605
2.67,Software Engineering,6.0,1,3.2948692875413497,0,3.3166247903554,24.146710170691303
10.25,Software Engineering,15.0,4,6.996964942403187,0,11.357816691600547,72.90369136391982
1.92,Software Engineering,9.0,4,5.601135347512695,0,8.246211251235321,50.50738760978808
11.5,Software Engineering,15.0,5,5.957146614357268,0,9.1104335791443,66.77879810702771
6.67,Software Engineering,7.0,3,4.446417121693178,5,7.681145747868608,49.69583312504204
1.67,Software Engineering,12.0,0,6.558827195220792,0,10.723805294763608,52.53824913586015
0.67,Software Engineering,3.0,4,2.0772549813552006,0,3.741657386773941,25.704555417963732
10.33,Software Engineering,13.0,3,6.858058456993506,0,10.862780491200215,68.88284091632352
9.92,Software Engineering,15.0,4,6.753521568356272,0,11.224972160321824,71.52154490228695
12.08,Software Engineering,15.0,4,7.304432988607969,0,11.704699910719626,76.65076720960447
6.5,Software Engineering,15.0,4,6.4949465713257934,0,10.63014581273465,65.51426623898412
11.17,Software Engineering,15.0,4,6.65005661843357,0,10.862780491200215,71.47237169307549
9.17,Software Engineering,11.0,4,6.413951406393643,0,9.899494936611664,65.37422339252319
11.08,Software Engineering,15.0,4,7.459256371320324,0,11.40175425099138,75.12135705105504
13.25,Software Engineering,15.0,4,6.984238221142172,0,11.269427669584644,75.72759718262165
13.33,Software Engineering,15.0,5,6.915626105394065,0,11.135528725660045,77.23162916903492
3.5,Software Engineering,12.0,4,6.7878251144891255,0,10.908712114635714,63.59670301146853
8.5,Software Engineering,15.0,4,6.949658340491962,0,11.445523142259598,71.21880627295636
2.83,Software Engineering,11.0,4,6.413951406393643,0,9.899494936611664,58.7806233925232
12.08,Software Engineering,15.0,4,7.321132283019273,0,11.704699910719626,76.69498268785327
10.25,Software Engineering,15.0,4,6.759730046615713,0,10.908712114635714,70.94231442762427
12.75,Software Engineering,15.0,3,6.190095909140203,0,10.44030650891055,68.64353074602178
2.75,Software Engineering,3.0,3,2.928332770753444,0,8.54400374531753,42.37773219495394
2.42,Software Engineering,11.0,3,5.982785310415032,0,9.1104335791443,52.87014951061489
12.08,Software Engineering,15.0,4,7.295693307367799,0,11.6619037896906,76.5005795733841
11.67,Software Engineering,15.0,4,6.9563465063538406,0,11.135528725660045,73.61304641918775
9.0,Software Engineering,15.0,4,6.564506735142621,0,11.31370849898476,70.32770989689098
12.08,Software Engineering,15.0,4,7.330873150110217,0,11.704699910719626,76.72077402288672
15.25,Software Engineering,15.0,4,7.0207171926739065,0,11.532562594670797,78.68534266459764
15.42,Software Engineering,15.0,4,6.914202141301061,0,11.31370849898476,77.93041426409806
12.25,Software Engineering,15.0,4,7.376074431872752,0,11.532562594670797,76.50623812361259
7.0,Software Engineering,6.0,4,4.586305386290478,0,9.539392014169456,56.54259197740346
12.25,Software Engineering,15.0,3,6.246983123590463,0,11.180339887498947,70.47106201816254
9.75,Software Engineering,14.0,4,7.210470472470506,5,11.0,73.00342974546261
16.67,Software Engineering,15.0,4,6.495714624401742,0,10.44030650891055,75.52953126217804
3.75,Software Engineering,15.0,4,7.36480529401983,0,11.357816691600547,67.11763892513693
15.08,Software Engineering,15.0,4,6.915626105394065,0,11.269427669584644,77.4491297757993
7.42,Software Engineering,15.0,4,7.328273991657899,0,11.575836902790224,71.48494149461874
9.92,Software Engineering,15.0,4,7.354934322597224,0,11.704699910719626,74.53808187919108
12.67,Software Engineering,15.0,3,6.190095909140203,0,10.63014581273465,69.12389933174794
6.5,Software Engineering,12.0,3,6.35874642040074,0,10.954451150103322,63.716395619328786
5.75,Software Engineering,12.0,4,6.723492082483914,0,11.269427669584644,66.83720782015263
6.92,Software Engineering,14.0,4,7.0222167595025615,0,11.135528725660045,68.71412073887288
12.08,Software Engineering,15.0,4,7.330873150110217,0,11.704699910719626,76.72077402288672
11.33,Software Engineering,7.0,4,6.0293309028964535,0,11.269427669584644,70.13577915453868
7.5,Software Engineering,15.0,4,6.192775032174119,0,10.198039027185567,64.47141429536421
13.17,Software Engineering,15.0,3,5.555419184662913,0,7.14142842854285,57.60661689490444
10.92,Software Engineering,15.0,4,6.4243629691917725,0,7.745966692414834,61.362028034611576
10.83,Software Engineering,15.0,4,6.664488876486842,0,10.954451150103322,71.42912376967138
13.92,Software Engineering,15.0,4,6.158894591854299,0,10.63014581273465,72.34128619062892
3.0,Software Engineering,15.0,4,6.0598215773925705,0,9.273618495495704,56.69509599596361
10.08,Software Engineering,15.0,4,6.462120826588247,0,11.090536506409418,70.5172960416781
16.75,Software Engineering,15.0,4,5.676457149282809,0,7.874007874011811,65.8250748116961
3.17,Software Engineering,8.0,4,5.56179839824852,0,8.94427190999916,53.642205684553325
11.33,Software Engineering,15.0,4,6.805609976360288,0,11.135528725660045,72.86033448073854
11.5,Software Engineering,14.0,4,6.915679711237309,0,10.954451150103322,72.65767978781918
1.0,Software Engineering,9.0,4,5.939313623185404,0,10.44030650891055,56.959523127693174
10.75,Software Engineering,15.0,4,6.534243588552716,0,10.862780491200215,70.7289282878213
11.08,Software Engineering,15.0,4,6.475346770968516,0,10.677078252031311,70.36489747384661
10.67,Software Engineering,15.0,3,5.7466586662547545,4,8.246211251235321,59.79269629266135
4.58,Software Engineering,3.0,4,3.333602655788979,0,10.908712114635714,54.37400173998828
16.83,Software Engineering,13.0,4,4.912435565298214,0,3.1622776601683795,49.631142664287175
18.08,Software Engineering,12.0,1,5.536994392360821,0,6.164414002968976,55.363807868046614
26.5,Software Engineering,11.0,3,6.211843127182995,0,10.246950765959598,80.33377080468094
0.5,Software Engineering,8.0,3,5.442572048698295,2,6.164414002968976,40.79726821830359
5.75,Software Engineering,5.0,3,2.8028468027429394,0,5.0990195135927845,35.20515277097235
10.0,Software Engineering,15.0,4,5.985254743826211,4,9.746794344808963,66.18236082316814
10.08,Software Engineering,12.0,4,5.749217886494945,0,7.3484692283495345,57.120780496696746
18.0,Software Engineering,15.0,4,5.956670417636156,0,8.54400374531753,69.85599895867554
17.08,Software Engineering,6.0,4,3.380084844679363,0,4.795831523312719,49.750002975984444
5.58,Software Engineering,15.0,3,6.300771682628585,0,9.899494936611664,59.87428564448727
13.5,Software Engineering,15.0,1,6.413134504092334,0,10.677078252031311,66.71697523677952
8.67,Software Engineering,15.0,4,6.482227255960433,0,10.488088481701515,67.31566863707063
9.75,Software Engineering,15.0,3,6.835992034391547,0,11.180339887498947,69.43060759191113
11.17,Software Engineering,15.0,4,7.367288183248615,0,11.445523142259598,75.10138372520346
12.83,Software Engineering,15.0,4,6.431117259371093,0,10.862780491200215,72.61907603468407
22.5,Software Engineering,9.0,4,5.705973789252337,0,8.426149773176359,72.72234961906635
15.42,Software Engineering,15.0,4,6.446242464556267,0,10.04987562112089,72.93948453469181
6.17,Software Engineering,15.0,4,5.850518345975297,0,6.708203932499369,51.821867535924284
6.67,Software Engineering,15.0,4,5.082340161192068,0,5.656854249492381,47.18682629131441
11.17,Software Engineering,15.0,4,7.080868198703323,0,11.180339887498947,73.55577730443308
11.58,Software Engineering,15.0,4,6.325024463122135,0,10.295630140987,69.35449206251678
10.75,Software Engineering,15.0,4,6.961675059945202,0,11.31370849898476,73.19931046119584
1.08,Software Engineering,4.0,4,1.2,0,0.0,12.833827690311809
13.83,Software Engineering,15.0,4,6.2631973561881376,8,9.848857801796104,72.20447389821408
9.5,Software Engineering,15.0,4,3.921251809066745,0,1.7320508075688772,35.40434815988063
10.58,Software Engineering,15.0,4,5.894054418573411,0,9.433981132056603,64.6154491264516
19.92,Software Engineering,15.0,4,4.714642819948224,0,3.741657386773941,54.3076866652348
17.33,Software Engineering,15.0,0,7.106428326832661,0,11.31370849898476,72.42578024289227
12.17,Software Engineering,11.0,3,5.910473638204253,0,8.426149773176359,60.787279799131234
1.0,Software Engineering,10.0,4,6.7463965231382526,0,10.723805294763608,60.07141827513882
9.33,Software Engineering,15.0,4,6.324087758631153,4,10.14889156509222,67.57639478289731
11.58,Software Engineering,15.0,4,6.541721528256812,0,10.954451150103322,71.88406710071098
30.25,Software Engineering,15.0,4,5.512387599753778,0,7.416198487095663,72.61157944487013
11.92,Software Engineering,15.0,4,6.088241542797652,0,10.535653752852738,69.7936999952657
7.25,Software Engineering,15.0,0,4.842503618133489,0,2.449489742783178,29.633421474129484
13.08,Software Engineering,15.0,4,6.8990626483983295,0,10.908712114635714,74.25443166878013
13.08,Software Engineering,15.0,3,6.851754273705131,0,10.723805294763608,71.58024543042222
0.0,Software Engineering,15.0,4,7.080868198703323,0,11.180339887498947,61.93897730443308
6.42,Software Engineering,15.0,3,6.337024888882183,0,9.433981132056603,59.461922106135056
9.92,Software Engineering,15.0,4,6.3066028838082815,0,8.602325267042627,62.55246784223169
10.25,Software Engineering,15.0,4,6.7632325072512245,2,11.135528725660045,72.12492973618583
4.67,Software Engineering,15.0,3,6.330172497919434,0,10.677078252031311,61.31411297506554
11.17,Software Engineering,15.0,4,6.559446095336586,0,11.04536101718726,71.7744778398538
11.17,Software Engineering,15.0,4,7.080868198703323,0,11.180339887498947,73.55577730443308
8.75,Software Engineering,15.0,4,6.918925207394202,2,11.090536506409418,70.84359769282628
9.17,Software Engineering,15.0,4,5.91323886415371,0,10.583005244258365,66.61090801368874
0.0,Software Engineering,4.0,3,2.1899494936611665,0,2.0,18.269084314657714
8.0,Software Engineering,15.0,3,6.728313718102857,0,10.816653826391969,66.24584211813249
18.58,Software Engineering,15.0,4,7.197797760923426,0,11.090536506409418,81.3051811850301
9.42,Software Engineering,15.0,4,6.581317705080592,2,10.862780491200215,69.97036855849112
10.42,Software Engineering,15.0,4,7.201908461940065,4,10.908712114635714,73.28989024744739
10.33,Software Engineering,15.0,4,7.193617368134256,4,10.908712114635714,73.17433754281207
6.0,Software Engineering,15.0,3,6.518707726477581,0,8.888194417315589,57.885916112077425
7.0,Software Engineering,15.0,4,7.017310999932508,2,10.862780491200215,68.60796775466899
10.5,Software Engineering,15.0,4,6.735162363263569,0,11.0,71.40826826778819
8.0,Software Engineering,15.0,4,6.2073802282797566,2,11.0,67.91083560178976
10.33,Software Engineering,15.0,4,7.202041869867645,4,10.908712114635714,73.19664347766027
6.0,Software Engineering,15.0,3,6.518707726477581,0,8.888194417315589,57.885916112077425
3.67,Software Engineering,15.0,4,6.8174823346444855,2,10.677078252031311,64.06438530367105
14.25,Software Engineering,11.0,3,6.7351642120191,0,10.908712114635714,72.50393702125902
10.5,Software Engineering,15.0,4,6.735162363263569,0,11.0,71.40826826778819
10.83,Software Engineering,15.0,4,7.063653046559344,2,10.63014581273465,72.02325613443136
10.75,Software Engineering,14.0,3,6.212239151716062,0,10.295630140987,66.05933195128297
17.0,Software Engineering,15.0,4,6.157081982008192,0,9.591663046625438,72.4567833108623
16.17,Software Engineering,15.0,4,6.157081982008192,0,9.591663046625438,71.5935833108623
22.92,Software Engineering,15.0,1,4.1772549813552,0,2.8284271247461903,47.2937492479237
14.58,Software Engineering,15.0,4,6.299108984581393,5,11.31370849898476,76.67820425088017
12.25,Software Engineering,15.0,4,5.902777064661744,0,7.745966692414834,61.36420140865927
16.42,Software Engineering,15.0,3,6.56407119494993,4,10.954451150103322,75.97684332559797
2.08,Software Engineering,15.0,5,4.352296156804695,0,2.0,31.62429419018869
15.0,Software Engineering,11.0,4,6.328060006488833,0,9.38083151964686,69.67026885258271
14.33,Software Engineering,15.0,4,5.632422165160476,4,5.830951894845301,58.126540264702214
9.83,Software Engineering,15.0,4,5.753262428656091,0,8.717797887081348,61.336562347188845
18.17,Software Engineering,15.0,4,6.002778308733528,0,8.18535277187245,69.09016766197271
14.0,Software Engineering,14.0,5,6.332539564245332,0,10.583005244258365,74.61097613725394
17.42,Software Engineering,15.0,4,5.405621804629019,0,5.5677643628300215,58.95831604783978
21.5,Software Engineering,15.0,4,5.887356532133898,0,7.416198487095663,69.96440167228145
7.58,Software Engineering,8.0,4,4.471290920238101,0,3.4641016151377544,39.07245041876357
18.5,Software Engineering,15.0,4,6.057458459796821,0,8.660254037844387,70.98796776252556
11.42,Software Engineering,15.0,4,6.548706584547336,0,10.295630140987,69.78034534765118
10.5,Software Engineering,15.0,4,5.798061114639891,0,7.280109889280518,57.883969203096335
26.5,Software Engineering,15.0,4,5.718676532726235,0,6.164414002968976,69.44165590083561
17.83,Software Engineering,4.0,4,3.354610738288307,0,4.898979485566356,50.50209872287235
2.33,Software Engineering,15.0,4,5.509357760225889,0,4.898979485566356,41.55398668413773
10.83,Software Engineering,13.0,4,5.903065993654748,0,10.723805294763608,68.46169383147581
15.67,Software Engineering,15.0,3,5.859518535024132,3,6.855654600401044,60.913428828813196
18.5,Software Engineering,15.0,4,5.437061421808807,0,5.0990195135927845,58.77321547449584
22.17,Software Engineering,15.0,4,6.08621085370824,0,8.888194417315589,75.5575745510267
18.33,Software Engineering,15.0,4,6.098214712126072,0,9.69535971483266,73.99195805491954
26.5,Software Engineering,15.0,4,5.877122912743147,4,6.48074069840786,71.80024836274572
14.75,Software Engineering,15.0,4,6.007195359495288,0,6.557438524302,60.712336935954454
13.08,Software Engineering,15.0,4,6.057102702118844,0,8.717797887081348,65.5210540024355
6.92,Software Engineering,15.0,4,5.908800938183882,0,7.810249675906654,56.027785493826094
24.5,Software Engineering,15.0,4,6.124950543924422,0,9.1104335791443,78.74310017243815
21.5,Software Engineering,15.0,4,5.736406659513429,0,6.0,65.36051128045087
21.5,Software Engineering,15.0,4,5.92052941453658,0,9.055385138137416,74.91842491449188
11.92,Software Engineering,15.0,4,5.719796664189101,0,7.810249675906654,60.7273503161524
18.42,Software Engineering,15.0,4,6.043106956373292,3,8.888194417315589,72.29344640955495
10.5,Software Engineering,13.0,1,4.464623855510485,0,3.1622776601683795,35.86225131553932
13.25,Software Engineering,15.0,4,5.64336286533664,4,6.708203932499369,59.636572586215635
24.5,Software Engineering,15.0,4,6.1110720203923,0,8.831760866327848,77.87906849196818
14.42,Software Engineering,15.0,5,5.642090746568957,0,5.0,56.778925511594515
5.0,Software Engineering,10.0,3,3.921251809066745,0,1.7320508075688772,28.057681493213952
17.5,Software Engineering,15.0,4,5.719796664189101,0,7.810249675906654,66.5305503161524
14.75,Software Engineering,15.0,4,6.007195359495288,0,6.557438524302,60.712336935954454
11.92,Software Engineering,15.0,4,6.016276851294235,0,8.660254037844387,64.03572935227008
21.25,Software Engineering,15.0,4,5.819876933160533,0,7.745966692414834,70.50470297531628
21.42,Software Engineering,15.0,4,5.626132670721519,0,5.5677643628300215,63.7021726565799
15.0,Software Engineering,2.0,3,1.7386035931884498,0,8.774964387392123,52.51994293574376
18.5,Software Engineering,15.0,3,5.739368071013188,0,5.5677643628300215,58.965191155210654
17.42,Software Engineering,15.0,4,5.405621804629019,0,5.477225575051661,58.689537056588904
12.5,Software Engineering,15.0,3,5.7551855397716025,0,5.744562646538029,53.29192599833025
10.92,Software Engineering,15.0,4,5.711232073681625,4,6.708203932499369,57.393072963454905
23.42,Software Engineering,15.0,4,5.441433620741087,0,4.123105625617661,61.004434197303404
18.5,Software Engineering,15.0,4,6.038898786278599,0,9.591663046625438,73.70386431012787
19.17,Software Engineering,15.0,4,5.87714547122434,0,6.928203230275509,66.0654727727767
14.5,Software Engineering,15.0,4,5.387857509783569,0,5.196152422706632,54.7712907515762
18.5,Software Engineering,15.0,3,5.896712484219803,0,6.708203932499369,62.76737784823241
21.25,Software Engineering,15.0,4,5.670981158528889,0,6.782329983125268,67.24975392653613
15.5,Software Engineering,15.0,4,6.065732956910543,3,9.899494936611664,72.31876296374115
26.5,Software Engineering,15.0,4,5.764260794669901,0,6.082762530298219,69.31995585279623
17.83,Software Engineering,13.0,4,5.506645222952868,0,7.211102550927978,64.26404806800325
7.0,Software Engineering,5.0,4,4.411428060633309,0,7.745966692414834,50.62215576300508
23.42,Software Engineering,15.0,4,5.680722241874296,0,6.48074069840786,68.63702941003041
11.83,Software Engineering,15.0,4,5.892833595482131,0,7.54983443527075,60.318823402478635
20.42,Software Engineering,15.0,4,5.563718845911445,0,6.48074069840786,65.20723421858034
20.5,Software Engineering,14.0,4,5.514758486217745,0,6.708203932499369,65.70272761283465
21.5,Software Engineering,15.0,4,6.019832352811765,3,8.774964387392123,75.0988795848147
14.5,Software Engineering,15.0,3,5.857586898461559,0,6.6332495807108,58.28126918256537
14.33,Software Engineering,15.0,3,5.817203403700878,0,7.874007874011811,61.68093504496976
23.5,Software Engineering,15.0,4,5.774545780230622,3,7.211102550927978,71.8868471753949
13.25,Software Engineering,15.0,4,5.64336286533664,4,6.48074069840786,58.96131129648596
21.5,Software Engineering,15.0,4,5.973020582355877,0,8.18535277187245,72.47457678189252
12.67,Software Engineering,15.0,5,6.027145688365707,0,6.164414002968976,59.435203657098285
21.25,Software Engineering,15.0,4,5.985639800079328,0,8.0,71.69773966412072
22.67,Software Engineering,12.0,4,5.61464352510759,0,7.14142842854285,69.24342786381331
10.92,Software Engineering,15.0,4,5.721231999241773,4,6.782329983125268,57.6396053537282
18.25,Software Engineering,15.0,4,6.165516169475308,0,9.219544457292889,72.67442085306645
1.5,Software Engineering,6.0,4,4.418904722719455,0,4.795831523312719,36.297333422996
15.5,Software Engineering,15.0,4,5.97863169155235,0,9.591663046625438,70.42429239347354
21.5,Software Engineering,15.0,4,5.887356532133898,0,7.416198487095663,69.96440167228145
19.33,Software Engineering,15.0,4,5.967216957806658,0,8.306623862918075,70.56242305148686
14.5,Software Engineering,15.0,4,5.931805096814333,0,7.937253933193772,64.34892726434846
26.33,Software Engineering,12.0,4,5.966537322941471,0,7.280109889280518,73.01005129136445
18.5,Software Engineering,15.0,4,5.998184193406306,0,7.615773105863909,67.73031452924155
30.33,Software Engineering,15.0,3,5.710851338243781,0,7.14142842854285,70.3213616486257
14.17,Software Engineering,15.0,3,5.6151757427323385,0,6.0,55.4163226906343
16.25,Software Engineering,15.0,3,6.028770202127301,0,7.211102550927978,62.269968692976946
21.5,Software Engineering,15.0,4,6.292101560756285,0,8.48528137423857,74.20980836274282
20.0,Software Engineering,15.0,4,6.031362715357934,0,8.774964387392123,72.81940904802457
11.67,Software Engineering,12.0,4,5.446365172474216,0,5.0,51.00069404318819
26.5,Software Engineering,15.0,4,5.369040383430769,0,4.358898943540674,63.15594583048734
21.5,Software Engineering,15.0,4,5.388811031124407,0,3.0,55.53418282831882
11.75,Software Engineering,15.0,4,6.085699085012844,0,8.12403840463596,62.450899171108695
17.67,Software Engineering,15.0,3,5.974298243545992,0,7.280109889280518,63.80740023239921
19.5,Software Engineering,15.0,4,5.941353961613857,0,9.16515138991168,73.21942182971382
10.58,Software Engineering,15.0,3,5.615272048160589,0,7.211102550927978,55.278330900294065
18.08,Software Engineering,15.0,4,6.141614037698545,0,9.797958971132712,74.1514508519728
5.0,Software Engineering,9.0,4,5.433236255933544,0,6.48074069840786,48.024949554563065
5.83,Software Engineering,12.0,4,6.011171163053588,0,8.717797887081348,57.45943898586937
13.42,Software Engineering,15.0,3,5.451240238578956,0,10.677078252031311,68.08692421859149
26.92,Software Engineering,15.0,4,5.5937656470888015,0,5.196152422706632,66.23648305383942
6.0,Software Engineering,15.0,4,5.998655134536883,0,8.94427190999916,58.67542438706754
21.33,Software Engineering,15.0,4,5.985639800079328,0,8.0,71.78093966412071
14.5,Software Engineering,15.0,4,5.730727063848209,0,5.477225575051661,56.5135329778732
9.17,Software Engineering,15.0,4,6.157168651924609,4,9.9498743710662,66.37722087029421
16.5,Software Engineering,15.0,4,6.020129022275498,0,9.0,69.81771959388433
17.5,Software Engineering,15.0,3,5.857922197342829,0,6.324555320336759,60.485748278533976
10.5,Software Engineering,15.0,1,5.982760529809585,0,6.708203932499369,50.67521115630028
15.75,Software Engineering,15.0,4,5.553509595780799,0,5.830951894845301,58.39439988021495
18.5,Software Engineering,15.0,4,6.180624350338135,0,10.099504938362076,75.58672805299511
21.5,Software Engineering,15.0,1,5.59441111312209,0,6.708203932499369,61.086960814486055
21.5,Software Engineering,15.0,1,5.670488889054447,0,7.211102550927978,62.781331031112586
21.5,Software Engineering,15.0,1,5.59441111312209,0,6.708203932499369,61.086960814486055
13.25,Software Engineering,15.0,4,6.010898028489688,0,9.055385138137416,66.5776979871262
0.0,Software Engineering,14.0,0,5.351229812130544,0,5.0,30.878666506880634
4.0,Software Engineering,15.0,4,6.335300556994856,0,10.770329614269007,62.907722475314266
14.42,Software Engineering,15.0,4,5.810410175178517,0,7.745966692414834,63.37643741138701
21.0,Software Engineering,15.0,4,6.057102702118844,0,9.055385138137416,74.76003619444948
12.0,Software Engineering,15.0,4,5.613702735529135,0,5.744562646538029,54.397315568722675
22.83,Software Engineering,15.0,4,5.948908309021034,0,8.366600265340756,74.33199603478079
12.0,Software Engineering,15.0,4,5.789472985353967,0,6.855654600401044,58.161166054064466
11.0,Software Engineering,15.0,4,5.523434954454883,0,5.477225575051661,52.32467627002188
11.83,Software Engineering,15.0,4,5.970056527386238,0,8.306623862918075,62.76994150848807
12.5,Software Engineering,7.0,4,4.818676532726235,0,7.3484692283495345,56.50707733647637
20.42,Software Engineering,15.0,4,5.534909683038193,0,6.0,63.70379860853171
11.75,Software Engineering,15.0,4,6.085699085012844,0,8.12403840463596,62.450899171108695
23.17,Software Engineering,15.0,4,5.674368472180008,0,5.830951894845301,66.43120340185992
13.08,Software Engineering,15.0,4,5.707205926640597,0,6.324555320336759,57.48988998152811
16.17,Software Engineering,12.0,4,5.605735672008263,0,5.385164807134504,57.24609037318516
17.92,Software Engineering,15.0,4,5.87714547122434,0,6.928203230275509,64.76547277277672
11.83,Software Engineering,15.0,4,5.96393556121973,0,8.246211251235321,62.57439016955637
7.0,Software Engineering,15.0,4,6.316958719346827,0,10.099504938362076,63.98770673742307
13.67,Software Engineering,12.0,4,5.348276085672017,0,8.18535277187245,62.27721247867004
0.0,Software Engineering,2.0,4,2.452640986472171,4,4.358898943540674,28.700729708277347
12.5,Software Engineering,7.0,4,4.818676532726235,0,7.3484692283495345,56.50707733647637
13.67,Software Engineering,11.0,4,6.23500820253131,0,9.69535971483266,68.97441904253282
17.83,Software Engineering,9.0,4,5.488241247677862,0,8.06225774829855,66.20877715115306
17.17,Software Engineering,15.0,4,5.963639075301892,0,9.539392014169456,71.96622077554706
15.5,Software Engineering,15.0,4,6.639186380446445,0,11.0,76.35414831061293
1.75,Software Engineering,5.0,3,3.727833562333621,0,7.483314773547883,40.572447069949945
12.17,Software Engineering,15.0,4,5.744242132458383,0,7.14142842854285,59.0665719669866
11.83,Software Engineering,15.0,4,5.96393556121973,0,8.246211251235321,62.57439016955637
13.42,Software Engineering,15.0,4,5.717328932383396,0,7.3484692283495345,60.90994666840626
10.83,Software Engineering,15.0,3,6.518369435111282,0,10.0,66.2087945578657
25.08,Software Engineering,15.0,4,6.005366574218485,0,8.306623862918075,76.56023351894201
11.5,Software Engineering,15.0,4,6.489281269411655,0,10.908712114635714,71.52623494957244
11.83,Software Engineering,15.0,0,5.449200606730111,0,4.123105625617661,40.97139919793145
10.17,Software Engineering,15.0,4,6.02153246888619,0,7.280109889280518,58.13246443042392
13.25,Software Engineering,15.0,4,6.010898028489688,0,9.055385138137416,66.5776979871262
8.25,Software Engineering,7.0,4,4.0933477239600045,0,4.0,40.22612053592694
12.58,Software Engineering,15.0,3,6.090273784751188,0,7.810249675906654,60.394679369945365
10.08,Software Engineering,15.0,4,6.031596497123787,0,8.246211251235321,60.93353909441957
10.75,Software Engineering,15.0,4,5.829698226628719,0,7.071067811865476,57.607161101938075
6.0,Software Engineering,15.0,4,6.196943536630304,0,10.246950765959598,63.06765381719396
10.83,Software Engineering,15.0,4,6.002778308733528,0,8.18535277187245,61.456567661972706
6.75,Software Engineering,15.0,4,6.311389624783251,0,9.848857801796104,62.968874750761785
15.25,Software Engineering,8.0,4,4.848606401399559,0,5.477225575051661,54.0245688087297
3.83,Software Engineering,15.0,4,6.01446793938952,0,8.774964387392123,55.95787598440219
14.92,Software Engineering,15.0,4,6.274674474630718,0,9.746794344808963,71.0654705544043
18.08,Software Engineering,14.0,4,5.982225113621551,0,7.615773105863909,67.11792561745598
15.67,Software Engineering,14.0,4,6.008669200465617,0,9.591663046625438,70.54729073311337
30.5,Software Engineering,15.0,4,6.193857062809119,0,10.488088481701515,83.53533781422026
5.0,Software Engineering,15.0,4,5.935549849223516,0,7.280109889280518,52.52800435354689
18.33,Software Engineering,15.0,4,5.6493455997594975,0,5.0990195135927845,59.15848990839463
23.25,Software Engineering,15.0,4,6.171436127059459,0,8.94427190999916,77.07290444751347
19.33,Software Engineering,15.0,4,6.290136471541626,0,9.273618495495704,74.28811117388685
18.33,Software Engineering,15.0,4,5.936960952168982,0,6.4031242374328485,63.791467269886226
25.83,Software Engineering,14.0,4,5.612508735483921,0,6.928203230275509,71.29464876684567
9.75,Software Engineering,15.0,3,5.731301089939052,0,5.477225575051661,49.57505285275586
14.17,Software Engineering,15.0,4,5.830036829723499,0,5.830951894845301,57.483373563512444
18.17,Software Engineering,15.0,4,5.8407627224202034,0,7.071067811865476,65.35325706863898
16.5,Software Engineering,15.0,4,5.949567434680792,0,7.280109889280518,64.52511934952344
17.42,Software Engineering,15.0,4,6.618718803173191,0,11.0,78.29675537913681
26.67,Software Engineering,15.0,4,7.143037642233239,0,11.532562594670797,89.14921605970424
15.33,Software Engineering,15.0,4,6.185893533400632,0,9.69535971483266,71.10410924163801
7.0,Software Engineering,15.0,4,6.316958719346827,0,10.099504938362076,63.98770673742307
15.92,Software Engineering,15.0,4,5.706815909786615,0,4.898979485566356,56.21040557108665
10.83,Software Engineering,15.0,4,6.186977526119833,0,9.16515138991168,64.8529704675853
18.5,Software Engineering,13.0,4,5.546300447684319,0,5.477225575051661,59.918551605528066
15.0,Software Engineering,15.0,4,6.223046451420634,0,9.899494936611664,71.46528902906071
13.5,Software Engineering,15.0,4,5.886173937932362,0,9.327379053088816,67.31491815947763
11.75,Software Engineering,15.0,4,6.2009497750940525,0,8.48528137423857,63.82846165089855
8.42,Software Engineering,15.0,4,6.239067735668831,0,8.94427190999916,61.828775721170075
3.67,Software Engineering,15.0,1,4.689949493661167,0,3.0,29.14057547890944
16.5,Software Engineering,14.0,3,3.0,0,0.0,32.96990255911286
13.58,Software Engineering,9.0,1,3.689949493661167,0,1.0,30.061907673667573
19.0,Software Engineering,15.0,0,5.899225268833343,0,7.3484692283495345,59.19476183787083
17.5,Software Engineering,5.0,1,4.1426163954501725,0,8.246211251235321,56.31546757984273
8.5,Software Engineering,10.0,3,3.921251809066745,0,1.7320508075688772,31.697681493213953
22.33,Software Engineering,15.0,4,5.622728023398394,0,5.830951894845301,65.42087264643854
33.92,Software Engineering,12.0,1,4.7797218297861885,0,3.4641016151377544,52.53923024245098
15.42,Software Engineering,12.0,4,3.7,0,3.0,44.339441362323335
16.33,Software Engineering,15.0,3,6.006700845439027,0,7.0,61.66804269405201
12.58,Software Engineering,15.0,4,6.089310790546055,0,9.539392014169456,67.5253674686113
27.08,Software Engineering,9.0,4,4.19486928754135,0,3.741657386773941,57.41465873904886
11.5,Software Engineering,15.0,1,4.302846802742939,0,1.7320508075688772,32.494714509929466
19.08,Software Engineering,15.0,1,5.967582138881895,0,7.3484692283495345,61.45895341909247
0.0,Software Engineering,15.0,4,5.677565575677818,0,7.14142842854285,46.23322942731856
11.33,Software Engineering,10.0,0,6.037098246577703,0,9.273618495495704,56.631463736988756
13.08,Software Engineering,13.0,4,6.389870635798279,0,9.9498743710662,69.7930897871438
2.08,Software Engineering,4.0,1,2.577592769885801,0,3.872983346207417,23.01891806543031
20.5,Software Engineering,15.0,3,4.595654939868345,0,1.7320508075688772,46.62999587806774
7.83,Software Engineering,12.0,4,5.686033698459166,0,7.280109889280518,54.41054913871476
19.58,Software Engineering,6.0,4,3.231417084455997,0,3.4641016151377544,48.00291363393379
21.5,Software Engineering,13.0,4,5.695899574790157,0,8.06225774829855,71.10873684358096
8.08,Software Engineering,15.0,4,4.743574349908412,0,3.605551275463989,41.666637048573726
12.58,Software Engineering,8.0,1,5.725100315031875,0,10.535653752852738,62.58526118379366
21.08,Software Engineering,15.0,4,6.374421634229361,2,9.69535971483266,78.0832836340505
22.17,Software Engineering,3.0,4,3.2107480195427307,0,7.14142842854285,61.158524843315696
24.5,Software Engineering,5.0,4,2.63860359318845,0,4.358898943540674,54.07311132571788
3.5,Software Engineering,15.0,4,6.067604951806197,0,9.899494936611664,59.093719529423026
11.5,Software Engineering,7.0,3,5.800125262624777,0,10.723805294763608,66.08593299497184
21.5,Software Engineering,11.0,4,4.046744146854854,0,3.1622776601683795,51.92914561536652
15.0,Software Engineering,11.0,4,5.687900367358218,0,8.12403840463596,64.24429615376093
10.83,Software Engineering,8.0,3,3.1,0,1.0,29.506538342740964
1.17,Software Engineering,15.0,4,6.5105653327660455,2,10.954451150103322,61.47517343061286
5.83,Software Engineering,9.0,4,3.621251809066744,2,1.7320508075688772,30.493224570636002
1.58,Software Engineering,7.0,1,4.563851350621627,0,7.745966692414834,39.65560047896506
12.08,Software Engineering,15.0,4,6.225667161570438,0,10.099504938362076,69.02918994462082
11.42,Software Engineering,10.0,1,6.3847267429773815,0,9.055385138137416,58.99763454130808
18.58,Software Engineering,6.0,4,3.231417084455997,0,3.4641016151377544,46.96291363393379
0.75,Software Engineering,13.0,4,4.302846802742939,0,4.0,33.78082073660128
18.33,Software Engineering,15.0,4,6.277136961747658,0,10.099504938362076,75.6654688660024
2.08,Software Engineering,9.0,4,4.295654939868344,0,2.449489742783178,30.008705457818664
19.67,Software Engineering,15.0,4,5.5140696018899344,0,6.6332495807108,64.7485228759641
4.58,Software Engineering,12.0,1,5.110584131951077,0,6.0,39.70669262603931
12.0,Software Engineering,15.0,1,5.3328327321552695,0,4.898979485566356,45.14339337117586
12.58,Software Engineering,14.0,4,5.771672514725815,0,9.1104335791443,65.27757659859047
10.42,Software Engineering,15.0,4,5.230462148993039,0,4.358898943540674,47.62582596192147
13.5,Software Engineering,10.0,4,6.317444978072498,0,6.324555320336759,58.87578089363018
7.33,Software Engineering,15.0,4,3.7,0,3.0,36.32584136232333
21.42,Software Engineering,14.0,4,6.06262084751413,0,6.48074069840786,67.43486631389489
0.0,Software Engineering,6.0,3,1.7999999999999998,0,0.0,11.565941535467715
11.5,Software Engineering,6.0,3,3.7673586220939774,0,5.744562646538029,45.78866662484105
14.5,Software Engineering,11.0,3,6.155465208113631,0,10.723805294763608,70.6801159979808
12.83,Software Engineering,15.0,3,5.846842173063468,0,11.0,69.47942266152748
9.42,Software Engineering,14.0,4,5.620708207075207,0,6.782329983125268,54.680110622400775
5.92,Software Engineering,3.0,4,1.995559206051301,0,3.0,28.74651626530907
8.83,Software Engineering,15.0,3,5.345108111557445,0,5.916079783099616,48.89852169385948
2.92,Software Engineering,3.0,3,3.12091067503496,0,7.3484692283495345,39.515292437215365
13.5,Software Engineering,15.0,1,5.438548909291736,0,6.782329983125268,52.57433253163529
16.17,Software Engineering,10.0,3,5.710200281233448,0,7.615773105863909,61.87793981336872
25.08,Software Engineering,11.0,4,3.921251809066745,0,1.7320508075688772,50.991014826547286
0.42,Software Engineering,12.0,4,6.16441853795363,2,9.899494936611664,56.24685724687727
9.5,Software Engineering,15.0,4,7.04802115910826,0,11.0,71.19663867326187
29.42,Software Engineering,9.0,3,3.3999999999999995,0,1.0,45.170995265318915
10.17,Software Engineering,15.0,5,6.805503503941911,2,10.63014581273465,72.6533418969189
8.0,Software Engineering,8.0,3,4.35447114238692,0,5.656854249492381,43.70948118625687
14.33,Software Engineering,5.0,4,3.342503618133489,0,5.5677643628300215,48.94877123806318
12.67,Software Engineering,15.0,4,6.368817385617794,0,10.63014581273465,71.59710828065053
11.17,Software Engineering,12.0,4,5.564731722102909,0,6.928203230275509,56.5182807376717
1.17,Software Engineering,3.0,3,3.510377348239893,0,9.1104335791443,43.957176288641776
15.17,Software Engineering,9.0,4,4.812370364357307,0,5.0990195135927845,52.855992664749536
7.08,Software Engineering,11.0,3,4.943455666313151,0,6.708203932499369,47.83326325799402
18.08,Software Engineering,13.0,4,6.209832608856118,4,8.660254037844387,71.68794903248848
3.92,Software Engineering,14.0,3,4.244795587027246,0,3.1622776601683795,32.57033538474253
24.58,Software Engineering,15.0,3,5.526993115560597,0,5.196152422706632,63.62288639748465
0.0,Software Engineering,3.0,4,2.7210535902218416,0,4.242640687119285,28.199619869691976
9.17,Software Engineering,11.0,4,4.352296156804695,0,3.872983346207417,42.02481394590364
22.5,Software Engineering,14.0,4,5.328433507768802,0,3.605551275463989,58.07866180015457
2.5,Software Engineering,3.0,4,2.22918024548116,0,3.605551275463989,27.605961882559846
10.0,Software Engineering,13.0,3,5.909760877725628,0,8.306623862918075,58.440427318973896
9.67,Software Engineering,13.0,3,6.372202743954565,0,10.535653752852738,65.9388902636296
12.0,Software Engineering,13.0,4,4.4314170844559975,0,3.0,42.85258084152308
5.25,Software Engineering,15.0,4,6.84138979935528,0,11.090536506409418,66.49830368080288
5.0,Software Engineering,15.0,4,6.972588679791222,0,11.090536506409418,66.58568489951205
8.67,Software Engineering,2.0,4,1.5212518090667446,0,3.0,30.217337752048916
10.0,Software Engineering,6.0,3,1.7999999999999998,0,4.0,33.84058655098731
36.5,Software Engineering,15.0,3,5.79423400661423,0,7.937253933193772,72.90467405720166
13.5,Software Engineering,6.0,4,3.824329454250225,4,9.0,60.683801613432266
13.0,Software Engineering,10.0,4,4.813014044877946,0,9.797958971132712,64.68378980208067
28.58,Software Engineering,14.0,4,4.691860938124719,0,4.358898943540674,61.229613805293404
18.33,Software Engineering,14.0,4,6.115205431442148,0,7.211102550927978,66.52869383159877
15.33,Software Engineering,3.0,0,2.3418370007349822,4,4.242640687119285,36.138750928150955
11.33,Software Engineering,8.0,4,3.6447955870272457,0,3.1622776601683795,39.88808820625329
20.0,Software Engineering,14.0,4,5.388530719020033,4,7.483314773547883,68.14955015710822
4.83,Software Engineering,12.0,4,6.003574514065866,0,7.745966692414834,53.51428738131722
9.33,Software Engineering,15.0,3,5.879144604763965,0,9.055385138137416,60.152048479029254
11.17,Software Engineering,15.0,4,7.232072955932255,2,11.180339887498947,74.4561289893429
18.5,Software Engineering,9.0,0,4.579744729997855,0,3.605551275463989,43.26965794286728
22.83,Software Engineering,12.0,1,4.095559206051301,0,4.0,50.0618426439013
0.0,Software Engineering,15.0,3,5.067952910260082,5,4.58257569495584,36.27276339458882
9.0,Software Engineering,5.0,3,4.034548710765032,0,8.717797887081348,52.58931284959154
10.33,Software Engineering,15.0,4,6.688394157392012,0,10.04987562112089,68.28704054067498
10.08,Software Engineering,4.0,4,2.1212518090667447,0,1.7320508075688772,29.77493995774624
8.17,Software Engineering,15.0,4,5.973716707410466,0,7.14142842854285,55.51416219370767
5.0,Software Engineering,15.0,1,6.187783169329835,0,10.295630140987,56.14791207225788
12.33,Software Engineering,15.0,4,3.0,0,0.0,30.76643589244619
1.5,Software Engineering,15.0,4,5.4141177523503154,0,6.324555320336759,44.670667146303416
7.33,Software Engineering,11.0,1,4.62330620590522,0,3.3166247903554,33.177139440957475
20.83,Software Engineering,15.0,3,4.046744146854854,0,2.23606797749979,47.016076150793225
20.75,Software Engineering,15.0,1,6.201622984717827,2,8.48528137423857,67.69024413851412
1.42,Software Engineering,15.0,4,6.09195698564218,0,9.486832980505138,55.76994395245265
5.08,Software Engineering,6.0,3,3.839065441170758,0,4.242640687119285,34.84303049057118
0.58,Software Engineering,15.0,3,3.7,0,1.0,21.368518854563533
17.33,Software Engineering,3.0,1,0.8999999999999999,0,0.0,22.806170767733853
10.0,Software Engineering,15.0,4,6.218654127854455,0,7.54983443527075,59.27831318489056
7.08,Software Engineering,9.0,1,4.937851506508547,0,7.3484692283495345,45.45248897955271
20.33,Software Engineering,15.0,4,5.70685817600863,2,7.3484692283495345,68.56862277245389
2.5,Software Engineering,6.0,0,4.04058193788734,0,6.782329983125268,34.23287205706406
10.0,Software Engineering,15.0,5,6.302934824834343,0,9.38083151964686,66.937077104342
28.0,Software Engineering,15.0,1,4.971993004391063,0,2.8284271247461903,51.5612131111471
8.67,Software Engineering,15.0,4,4.095559206051301,0,2.449489742783178,37.13250291955836
8.0,Software Engineering,9.0,3,4.002846802742939,0,1.7320508075688772,31.260390920684845
14.5,Software Engineering,11.0,4,5.436794874425958,0,5.477225575051661,55.2019420722185
7.42,Software Engineering,7.0,4,3.195559206051301,0,4.0,36.985805209500775
12.0,Software Engineering,6.0,1,1.7999999999999998,0,0.0,20.045941535467716
23.33,Software Engineering,15.0,3,5.768037628383603,2,6.48074069840786,67.27461831405824
27.5,Software Engineering,11.0,4,5.144465144388201,0,5.385164807134504,65.07463016947874
11.08,Software Engineering,9.0,3,5.047995908443488,0,5.744562646538029,49.14266797755316
12.92,Software Engineering,15.0,5,4.1772549813552,0,2.8284271247461903,44.8937492479237
13.58,Software Engineering,15.0,1,5.746114551821976,0,6.708203932499369,53.25183288091554
9.5,Software Engineering,15.0,3,5.199212581904532,0,3.1622776601683795,41.03392182809916
15.42,Software Engineering,8.0,4,2.4,0,7.416198487095663,53.47423648034724
34.33,Software Engineering,13.0,3,3.921251809066745,0,1.7320508075688772,49.25768149321395
16.58,Software Engineering,15.0,1,5.536376391666083,0,6.324555320336759,54.67757688362829
7.5,Software Engineering,15.0,0,5.183736452896445,0,5.385164807134504,39.51194392524073
11.5,Software Engineering,3.0,4,1.8899494936611665,0,2.0,31.301427392079756
8.75,Software Engineering,9.0,1,4.036569542680683,0,2.6457513110645907,30.842147429151492
28.58,Software Engineering,15.0,4,4.046744146854854,0,2.23606797749979,53.35287615079322
11.42,Software Engineering,15.0,4,4.945289243356084,0,3.605551275463989,45.6743267091319
8.42,Software Engineering,10.0,3,6.174842813043088,2,8.426149773176359,57.953928705276645
12.5,Software Engineering,7.0,4,5.121294513813033,0,8.06225774829855,59.42732899546938
13.92,Software Engineering,9.0,0,2.7,0,2.449489742783178,30.09741759437823
8.17,Software Engineering,15.0,4,5.696790952311426,0,9.643650760992957,62.20918381483013
0.0,Software Engineering,6.0,4,1.7999999999999998,0,0.0,13.565941535467715
15.92,Software Engineering,10.0,3,5.941715710685708,0,7.211102550927978,61.02960390597111
16.0,Software Engineering,10.0,3,3.921251809066745,0,1.7320508075688772,39.49768149321395
12.25,Software Engineering,2.0,4,2.2244170509742585,0,5.385164807134504,42.883086561720496
7.17,Software Engineering,10.0,4,6.653479328076706,0,10.04987562112089,64.24152829887632
5.42,Software Engineering,7.0,1,3.0212518090667446,0,1.7320508075688772,21.7115107254801
0.0,Software Engineering,3.0,0,2.8393314903876217,0,7.681145747868608,30.72054636876843
1.75,Software Engineering,8.0,4,4.002776945394602,0,4.898979485566356,36.02841108305817
24.92,Software Engineering,15.0,4,5.979111208682445,2,7.14142842854285,73.44844545908282
21.25,Software Engineering,8.0,4,5.395271004949834,0,6.708203932499369,65.36635519619955
11.0,Software Engineering,11.0,4,5.971329460803085,0,7.0,57.49785494338344
18.33,Software Engineering,15.0,4,6.184502854537946,0,9.327379053088816,73.12801714552299
24.0,Software Engineering,15.0,4,6.482023819053511,0,10.816653826391969,84.23372919610725
9.42,Software Engineering,15.0,3,5.695729304573263,0,4.69041575982343,46.8018960126901
19.42,Software Engineering,11.0,4,3.0,0,0.0,37.60670255911286
10.33,Software Engineering,15.0,4,6.586474014538709,0,10.770329614269007,70.15596581637831
23.58,Software Engineering,15.0,4,3.921251809066745,0,1.7320508075688772,50.04754815988062
1.83,Software Engineering,10.0,3,4.852025917745213,0,5.744562646538029,39.137122689567526
25.5,Software Engineering,12.0,3,6.3130287298014025,0,8.12403840463596,74.43281016907586
12.5,Software Engineering,5.0,0,3.7229006659409456,0,8.18535277187245,47.823499021100815
1.92,Software Engineering,5.0,3,4.525837573416163,0,8.602325267042627,46.18412153238844
10.92,Software Engineering,11.0,3,4.988673735888842,0,5.196152422706632,47.45782045808197
15.5,Software Engineering,15.0,4,6.266434175754088,0,10.246950765959598,73.13164733015299
6.17,Software Engineering,15.0,1,6.3972174944603335,0,9.539392014169456,55.674225995963525
25.33,Software Engineering,9.0,1,5.864325526211118,0,8.48528137423857,69.91716637890033
0.0,Software Engineering,9.0,0,2.7,0,2.449489742783178,15.620617594378231
25.42,Software Engineering,13.0,4,3.9899494936611664,4,2.0,53.235025850125425
32.5,Software Engineering,15.0,4,6.273006460010615,0,8.366600265340756,77.44692538998609
7.42,Software Engineering,15.0,3,6.833232397717547,0,11.090536506409418,66.7335049589769
26.08,Software Engineering,15.0,5,6.272311618903041,0,8.18535277187245,78.90702321648881
8.42,Software Engineering,13.0,0,5.280702585997458,0,5.477225575051661,40.73211611622539
5.67,Software Engineering,5.0,3,3.299088692915765,0,5.196152422706632,36.72422960585397
16.33,Software Engineering,13.0,4,4.4,0,3.0,47.27259640389411
8.5,Software Engineering,15.0,3,5.5115257991192586,0,6.708203932499369,51.347501614104736
18.33,Software Engineering,15.0,3,6.158146247014775,0,7.3484692283495345,65.18351864027017
6.42,Software Engineering,7.0,3,2.1,0,0.0,19.170398458045668
12.08,Software Engineering,9.0,1,3.912435565298214,0,3.0,35.02831663135963
12.42,Software Engineering,12.0,4,4.877795166445544,0,3.1622776601683795,44.81969037778879
15.58,Software Engineering,11.0,3,6.035703548499686,2,8.94427190999916,66.70338581758338
10.17,Software Engineering,13.0,1,4.978748428832765,0,4.358898943540674,40.43268547638873
2.0,Software Engineering,7.0,3,5.205864506356386,0,6.324555320336759,41.572598926870945
14.5,Software Engineering,3.0,1,2.3614583409508905,0,4.898979485566356,38.275950799805834
